"RelativePath","Bytes","Modified","SHA256"
"00_START_HERE.md","3301","2026-07-16T21:00:14","CE33C4C616949CDABEC8C961681109687DEB2746924F135A6B177F710F3F58C1"
"01_Featured_Projects\Al_Tallow_Website\assets\mockup.jpeg","621556","2025-12-20T17:44:50","EAA8946764697C8955127B870048CD6E2560B0F9D044C8726C65C927A73FF9C3"
"01_Featured_Projects\Al_Tallow_Website\css\style.css","8602","2025-12-20T17:44:50","7F2DC987FEFFF05A6A27B6714BEA6E9EFF545A267701CA8F90A7F867BA2C8C98"
"01_Featured_Projects\Al_Tallow_Website\index.html","8837","2025-12-20T17:44:50","2840B48B61B014B1297D90F18FC9912A2A1DB71D018A7989C0BA8DD91325B9F1"
"01_Featured_Projects\Al_Tallow_Website\js\app.js","4586","2025-12-20T17:44:50","4EC897C493972DB13D6A4C542E5A1943A2D4BD5560102BB3841D09CBF51F35E5"
"01_Featured_Projects\Al_Tallow_Website\product.html","6495","2025-12-20T17:44:50","A6555F598FDF7297A7D9299DCCBB5AB8574E2791B81B5B7BF7E0A3D49A9145E6"
"01_Featured_Projects\Al_Tallow_Website\README.txt","1791","2025-12-20T17:44:50","3D1171091D3C90DD0439B29F0CA8F27D9884F03E1B1C90313B5E47F701EE980B"
"01_Featured_Projects\Deal_Scout\deal-scout.html","62804","2026-06-28T02:08:15","272E27B4C8EAFB43AEAC0E826A060E65BC850E1C9E88036A79F244384FBBCECC"
"01_Featured_Projects\Deal_Scout\deal-scout-server.ps1","12655","2026-06-28T02:05:32","0B9F0871F87770E47F40B0E40FDE193347C552FCB21AEF88ED1CFA5F769DF20C"
"01_Featured_Projects\Deal_Scout\static-server.ps1","2606","2026-06-28T01:14:36","501C1801BD721601ADF34C8BC8FAA4E4D9C7C219952309C710014D00C158CB98"
"01_Featured_Projects\Everglades_Rescue_Game\Documentation\Everglades code.docx","27522","2023-04-14T20:26:24","F1FD4D2037ACA8E1BB2EF60AA71D8B696D9983AB36B2F60EFCF210628261D964"
"01_Featured_Projects\Everglades_Rescue_Game\Documentation\evergladesRPG-IPO.docx","19789","2023-04-17T10:25:14","89DAAB789E1DD6E074A5A61537FB695F980808FB6BBFDC87D5198BA0C8606B56"
"01_Featured_Projects\Everglades_Rescue_Game\Visual_Studio_Solution\EVERGLASED REVISED.sln","1475","2023-04-15T12:44:17","F47EBB5891CCCB379AE7F21ABE53F31757E3CF0BE58B6B2EA2A0134AF30D4ECC"
"01_Featured_Projects\Everglades_Rescue_Game\Visual_Studio_Solution\EVERGLASED REVISED\EVERGLASED REVISED.vcxproj","6632","2023-04-15T12:44:30","4C864157644EDB30ADAAA7474086A7A8619A9F73CD6642B8A65F2E1AD6D0567A"
"01_Featured_Projects\Everglades_Rescue_Game\Visual_Studio_Solution\EVERGLASED REVISED\EVERGLASED REVISED.vcxproj.filters","979","2023-04-15T12:44:30","52344C55570691927E91DB4A087ECE1BF95344F95A2CAEFD4382C50DDACFA759"
"01_Featured_Projects\Everglades_Rescue_Game\Visual_Studio_Solution\EVERGLASED REVISED\EVERGLASED REVISED.vcxproj.user","168","2023-04-15T12:44:17","C06A75B13F855A94D46616796E024C52B499F8F92CF00CCB571DDBC6FF574676"
"01_Featured_Projects\Everglades_Rescue_Game\Visual_Studio_Solution\EVERGLASED REVISED\Source.cpp","8393","2023-04-15T12:51:58","31F40168ED5A1682C78E2917AFF1B7CB5FAA420F40D99D66528B91A9CCDDF7A2"
"01_Featured_Projects\Floorplan_Reader\__pycache__\floorpan_reader.cpython-312.pyc","236499","2026-07-16T20:53:28","61EDC96DDC6807A1E9372BCDBB631D2C1A3432325D28157FF1BA85BCC0F6E573"
"01_Featured_Projects\Floorplan_Reader\__pycache__\Floorplan Reader.cpython-312.pyc","403","2026-07-16T20:53:28","70DFCDB349BCCB4DA5E76457DFFB581832DAFC7CA0639D54C621C5BA53014BE0"
"01_Featured_Projects\Floorplan_Reader\AGENTS.md.txt","10403","2026-05-10T00:04:49","99A43FCD3D79570EB6DF209C5D649564E7F1BBDD19F1EAB6CBE14BC328DD1466"
"01_Featured_Projects\Floorplan_Reader\dist\Floorplan Reader.exe","30432928","2026-05-10T22:39:30","DC48BF798D339E76A2751188E7B89B33B3C7999046434200CD3851325865188B"
"01_Featured_Projects\Floorplan_Reader\floorpan_reader.py","198232","2026-05-10T22:38:11","C212986A8BAD27AA9774408B93A098FE3375B59648D87BB8D0299A72E3946DA8"
"01_Featured_Projects\Floorplan_Reader\Floorplan Reader.exe","30432928","2026-05-10T22:39:30","DC48BF798D339E76A2751188E7B89B33B3C7999046434200CD3851325865188B"
"01_Featured_Projects\Floorplan_Reader\Floorplan Reader.pyw","83","2026-05-09T18:04:29","92EED0F123DD906A0D04B73E9DE79ACF8A6EFF3126B9FF0D18B555202E7301A2"
"01_Featured_Projects\Floorplan_Reader\Floorplan Reader.spec","720","2026-05-10T22:39:15","9B3B40FA2D996EDE999B1577B91107B56E7421EC99FA26C5FEE2EF724B688C71"
"01_Featured_Projects\Floorplan_Reader\README.md","5701","2026-05-10T00:13:51","D103CFB8A103D7CFC94AC85A4A9B5BC0EF4C94BCFFFD9E85FA5D10DED88C34D0"
"01_Featured_Projects\Floorplan_Reader\tests\__pycache__\test_manifest_pipeline.cpython-312.pyc","32758","2026-07-16T20:53:28","B01ABB5F42053681BD3C1BE49693E3777E566984E22692C03DD224D89AB6C938"
"01_Featured_Projects\Floorplan_Reader\tests\fixtures\expected_manifest_sample.json","468","2026-05-10T21:21:54","3DFFA986BCA1681062B55D61E6643E318E6AE4B54ED8CF2D1D25EB7BE7D6F5F7"
"01_Featured_Projects\Floorplan_Reader\tests\test_manifest_pipeline.py","24582","2026-05-10T22:36:27","C5C5508FD05A6A63A1A88909CCF2D8A7F428F3492BAAC92D0C90C3B3D1ACBC48"
"01_Featured_Projects\Floorplan_Reader\tests\tests\__pycache__\test_manifest_pipeline.cpython-312.pyc","30546","2026-07-16T20:53:28","DB70DB9D6495A9CC4B79FDBCBB49DC230E9CB9F6ABFE44EE0EDB7707918447C4"
"01_Featured_Projects\Floorplan_Reader\tests\tests\fixtures\expected_manifest_sample.json","482","2026-05-10T20:34:28","251C859B9C3D9B7DF080738B9E608D8DEF04A7059E62EAAED33449D0F0CECCF8"
"01_Featured_Projects\Floorplan_Reader\tests\tests\test_manifest_pipeline.py","22908","2026-05-10T20:34:42","54C82205F72883347CE94972EA99658172AE43742DFDECE51369F051336AA6E2"
"01_Featured_Projects\Python_Hangman\__pycache__\hangman.cpython-312.pyc","4158","2026-07-16T20:53:28","945102DD502EB47E29C741664071B786B0E4A3BF7610EE7D23388078A71EC7A6"
"01_Featured_Projects\Python_Hangman\Evidence\Code_Screenshot.png","344747","2026-03-08T20:41:02","E9A540923E39B3DA1D9B6C2AD2F0500301B7B5DFBA1268ED49E5D947A4F5B29D"
"01_Featured_Projects\Python_Hangman\Evidence\Output_Screenshot_1.png","324288","2026-03-08T20:40:19","0A5519A781C60D854F3E44A200D5695FBAB8BB00FEB282FF60914558211BD006"
"01_Featured_Projects\Python_Hangman\Evidence\Output_Screenshot_2.png","253015","2026-03-08T20:42:38","48715AEF9F52A91FA0288E40E0BB6B383A586ED2BF5A29E4F4ECED0B48A7C11B"
"01_Featured_Projects\Python_Hangman\hangman.py","2501","2026-03-08T20:42:57","CBA8EF02AA9E1864CF947D50F0CC9D4A6312D0955AFF0F990DBE99686CA2DF52"
"02_Hardware_Embedded_and_Electrical\Circuit_and_Computer_Architecture_Labs\EEL3110C_Circuit_Lab_Report.pdf","414700","2025-06-15T22:59:48","FD2A15ADA2C203D1D10804804BF30AB064078ADFAD6AEFDF9F0B5AD6B921A5C3"
"02_Hardware_Embedded_and_Electrical\Circuit_and_Computer_Architecture_Labs\EEL3110C_Circuit_Lab_Report3.pdf","415952","2025-06-29T23:52:49","89D959F213CBA5F7F49F0DC86786A61D9C74A866B0EDEECE4929F9F341DC2BF2"
"02_Hardware_Embedded_and_Electrical\Circuit_and_Computer_Architecture_Labs\EEL3110C_Circuit_Lab5_done.pdf","328559","2025-07-13T23:36:44","1CA914A85572B0B318AF0FB574C05ED16A22785E649B602622B40806500A566D"
"02_Hardware_Embedded_and_Electrical\Circuit_and_Computer_Architecture_Labs\Lab 2 - EEL4709C.pdf","621467","2026-02-10T13:14:18","83C546496F876C7A269B51A9FC5B26FA0D28F70D5A70D57763BDD426A1AED3E0"
"02_Hardware_Embedded_and_Electrical\Circuit_and_Computer_Architecture_Labs\Lab 4 - EEL4709C .pdf","512695","2026-03-15T19:28:13","26ED90025D0B76EA79B80E99795DBCA5344C9FEC33F6FF354F5B73327A9645EF"
"02_Hardware_Embedded_and_Electrical\Circuit_and_Computer_Architecture_Labs\Lab3_Report_Final .pdf","1749501","2026-03-01T17:56:04","516B2646F58CC320C09CE8F9EF884DE43CE242C4203B5809D068B9F1D6501F3F"
"02_Hardware_Embedded_and_Electrical\Digital_Design_Research\EEL3712_Research_Paper_Final.pdf","302107","2025-12-08T00:01:29","F191C1D22A42556BD394923176ED364CD48EC1BC28644D60D7EC612C5A3F3E37"
"02_Hardware_Embedded_and_Electrical\ESP8266_MQTT_IoT\Firmware\Alternate_Copy\MQTT_Project_1_.ino","996","2026-07-16T20:52:51","83280AAD17D3EDEE02A79E38A07EC070423377F8A68DD404C533D4634C5A26CE"
"02_Hardware_Embedded_and_Electrical\ESP8266_MQTT_IoT\Firmware\MQTT_1\MQTT_1.ino","1028","2026-07-16T20:52:51","98428C6AA07ECF07176BD8ED7ABD6EC8254333F706E4AF2922431EDD119CEBCA"
"02_Hardware_Embedded_and_Electrical\ESP8266_MQTT_IoT\Firmware\MQtt_2\MQtt_2.ino","3967","2026-07-16T20:52:51","0E078944297C0D987C684BC1C1D413F964A285E29BC89C2DF111F747F7F737AC"
"02_Hardware_Embedded_and_Electrical\ESP8266_MQTT_IoT\Firmware\MQTT_3-_EEL4730\MQTT_3-_EEL4730.ino","2409","2026-07-16T20:52:51","72859E3B3E89F8B295EA7842AE76B8DA2587C51BE3FBA967D48AD9F420FC830C"
"02_Hardware_Embedded_and_Electrical\ESP8266_MQTT_IoT\Firmware\MQTT_3-_EEL4730\MQTT4-EEL4730\MQTT4-EEL4730.ino","7371","2026-07-16T20:52:51","25D5A45F31693C5B8A86901A515D8EC6EB36CBF85A5273E99C896AFD14B13C06"
"02_Hardware_Embedded_and_Electrical\ESP8266_MQTT_IoT\Firmware\MQTT_Project_1\MQTT_Project_1.ino","981","2026-07-16T20:52:51","1B5AC7C0E1BCA9AD30533A39AA5CF51BA8D183D647E5E64924E48A201EB9A36A"
"02_Hardware_Embedded_and_Electrical\ESP8266_MQTT_IoT\Firmware\sketch_mar12a\sketch_mar12a.ino","1028","2026-07-16T20:52:51","98428C6AA07ECF07176BD8ED7ABD6EC8254333F706E4AF2922431EDD119CEBCA"
"02_Hardware_Embedded_and_Electrical\ESP8266_MQTT_IoT\Reports_and_Evidence\EEL4730-Fahedjiha -Project- part 1.docx","100056","2025-03-12T00:25:12","10185682D425E5295BA10B1FF35C92FD89C89B5377B2821ABF856D0AB05093D5"
"02_Hardware_Embedded_and_Electrical\ESP8266_MQTT_IoT\Reports_and_Evidence\EEL4730-Fahedjiha -Project- part 1.pdf","105180","2025-03-12T00:25:19","6DAD5D8D78F60A44A4BB04749909A8069E94F15D9FD99BE7AD4E03D2D21DF509"
"02_Hardware_Embedded_and_Electrical\ESP8266_MQTT_IoT\Reports_and_Evidence\MQTT_2 .pdf","483860","2025-03-18T23:10:53","A2817A5C2C14C5DCEF2E89C70B8B92CB8F1928DBCD0080C761E86489F9ABB6F5"
"02_Hardware_Embedded_and_Electrical\ESP8266_MQTT_IoT\Reports_and_Evidence\MQTT_2.docx","1388092","2025-03-18T23:13:44","A779E5792B181DB0F6212B90208102EAEF198B8F72112C3D03439323E985F954"
"02_Hardware_Embedded_and_Electrical\ESP8266_MQTT_IoT\Reports_and_Evidence\MQTT_3.docx","522232","2025-04-08T18:39:46","2B473DC0977C4B9E3001A290F176B5A4ECB5D1543A4D4EF42ADDD725CA6096ED"
"02_Hardware_Embedded_and_Electrical\ESP8266_MQTT_IoT\Reports_and_Evidence\MQTT_3-EEL4730.pdf","338666","2025-03-26T21:51:18","A68EEA39F6F6ACFC802D6AFE4371DAA87BD0A7216C7C28AC1B7E5C959E1F1962"
"02_Hardware_Embedded_and_Electrical\ESP8266_MQTT_IoT\Reports_and_Evidence\MQTT4 temp&humidity.jpeg","200893","2025-04-08T18:36:39","400E77061E9F24A27B52BAC9D220D1D3C9CE8F4763A8477D5E6CD182CE3923B9"
"02_Hardware_Embedded_and_Electrical\ESP8266_MQTT_IoT\Reports_and_Evidence\MQTT4_EEL4730.docx","80513","2025-04-08T18:41:17","7B068D2169D18B86BA006C7D7F9BB9B40DC0DA6B3CFE4ED4C5AAF0279500A99E"
"02_Hardware_Embedded_and_Electrical\ESP8266_MQTT_IoT\Reports_and_Evidence\MQTT4_EEL4730.pdf","94956","2025-04-08T18:41:36","E6D782295AB00449F50C57D929A49602D66AF1009525A2D76C8803F988317B09"
"02_Hardware_Embedded_and_Electrical\FPGA_and_Zybo_Z7_Coursework\Assignments\Assignment_5_Custom_Processor.docx","541928","2026-06-28T23:05:16","5DD134C5D8BAEB919EB17BE96CB57CAE233AF05072F327B9B127572F44DD0677"
"02_Hardware_Embedded_and_Electrical\FPGA_and_Zybo_Z7_Coursework\Assignments\Assignment_6_Vivado_Vitis.docx","3841734","2026-07-12T22:03:28","7881161A6EF0522BB06B6EA6FB1F97321535BD41587F9A9761EE8BCEA94B430F"
"02_Hardware_Embedded_and_Electrical\FPGA_and_Zybo_Z7_Coursework\Assignments\Assignment_7.docx","1697456","2026-07-16T20:35:14","06FD681AC25808CDF32C6FCA5E9432567456D12B8E38BB934B291BB5004DF608"
"02_Hardware_Embedded_and_Electrical\FPGA_and_Zybo_Z7_Coursework\Constraints\Zybo-Z7-Master.xdc","17384","2026-05-31T23:26:57","63A843355F360CE2594CEC40952C46FD9498002E0044A18A8B711EE1BDCED478"
"02_Hardware_Embedded_and_Electrical\FPGA_and_Zybo_Z7_Coursework\Vivado_Board_Setup_Utilities\add_zybo_z7_master_xdc.tcl","708","2026-07-12T22:52:23","A1DDC357EA43D5C4682CDCEDD0583866C447484202579210D21F6FE88BF19A44"
"02_Hardware_Embedded_and_Electrical\FPGA_and_Zybo_Z7_Coursework\Vivado_Board_Setup_Utilities\browser-history-copy.sqlite","163840","2026-07-12T23:56:40","D8B33270A3013EDF65B0071DE224F97D844BC2E330B53D29B20A646326058CB7"
"02_Hardware_Embedded_and_Electrical\FPGA_and_Zybo_Z7_Coursework\Vivado_Board_Setup_Utilities\browser-history-copy.sqlite.0","163840","2026-07-12T23:56:40","D8B33270A3013EDF65B0071DE224F97D844BC2E330B53D29B20A646326058CB7"
"02_Hardware_Embedded_and_Electrical\FPGA_and_Zybo_Z7_Coursework\Vivado_Board_Setup_Utilities\browser-history-copy.sqlite.1","163840","2026-05-30T21:30:24","44E9791B2BFB8223F95F365A6BF40015437DE8498F3177C53652ED01D6851205"
"02_Hardware_Embedded_and_Electrical\FPGA_and_Zybo_Z7_Coursework\Vivado_Board_Setup_Utilities\browser-history-copy.sqlite.2","163840","2026-06-28T01:04:26","44E9791B2BFB8223F95F365A6BF40015437DE8498F3177C53652ED01D6851205"
"02_Hardware_Embedded_and_Electrical\FPGA_and_Zybo_Z7_Coursework\Vivado_Board_Setup_Utilities\detect_zybo_z7_20_board.tcl","457","2026-07-12T22:30:44","CDB25F989B4A47B89A4364F8905B660623C988FD1FB1CA30158205F6C5FC2AC4"
"02_Hardware_Embedded_and_Electrical\FPGA_and_Zybo_Z7_Coursework\Vivado_Board_Setup_Utilities\organize_files.ps1","15354","2026-07-13T01:25:26","65B2F58362BE8BC29774864AF4BDDCFC7423E362B44489FD303C897D6F7AD541"
"02_Hardware_Embedded_and_Electrical\FPGA_and_Zybo_Z7_Coursework\Vivado_Board_Setup_Utilities\set_zybo_z7_20_board.tcl","583","2026-07-12T22:26:21","54979BDAD16F9BBA7D41A30669E26C5666A4C96E048F1295DAD7BB343AF14E5F"
"02_Hardware_Embedded_and_Electrical\FPGA_and_Zybo_Z7_Coursework\Vivado_Board_Setup_Utilities\verify_zybo_z7_20_board.tcl","635","2026-07-12T22:26:21","D9F31546299A71428689E4FF52ED466E1DC88DE5273C860780A79A29BB834E7F"
"02_Hardware_Embedded_and_Electrical\FPGA_and_Zybo_Z7_Coursework\Vivado_Board_Setup_Utilities\verify_zybo_z7_master_xdc.tcl","776","2026-07-12T22:52:23","6157AF6A045A3A2D1A2CB1209671348642961F05A54FA4BE6DBA91F1C4F2AD97"
"02_Hardware_Embedded_and_Electrical\FPGA_and_Zybo_Z7_Coursework\Vivado_Board_Setup_Utilities\vitis_resume_state.txt","235","2026-07-13T01:25:35","9B0F1BE6F7E0B73D9070E6CFF9966184CEFF371423AA28AE7C56DA22EF8F3EAB"
"02_Hardware_Embedded_and_Electrical\FPGA_and_Zybo_Z7_Coursework\Vivado_Board_Setup_Utilities\vivado_add_zybo_z7_master_xdc.jou","1182","2026-07-12T22:54:03","C9B6F1DE804F6E61D1F5C46F58A403A7E0E0C507BE306AE15CB9DF5B9A40769C"
"02_Hardware_Embedded_and_Electrical\FPGA_and_Zybo_Z7_Coursework\Vivado_Board_Setup_Utilities\vivado_add_zybo_z7_master_xdc.log","2557","2026-07-12T22:54:05","E7587FF08B8773535DC2D3B93AD40E91BB880B4D3D8CB6925C42A2D09773CEF2"
"02_Hardware_Embedded_and_Electrical\FPGA_and_Zybo_Z7_Coursework\Vivado_Board_Setup_Utilities\vivado_detect_zybo_z7_20.jou","1164","2026-07-12T22:30:47","A3C065BAA36B86602445D0F08339F49704E3E912162370216048A7276493B8F3"
"02_Hardware_Embedded_and_Electrical\FPGA_and_Zybo_Z7_Coursework\Vivado_Board_Setup_Utilities\vivado_detect_zybo_z7_20.log","2915","2026-07-12T22:30:48","6FDD78ABBBA43B970BFE843B550E2115C7F4C5E070F7E3FA9DE1C46851210DAB"
"02_Hardware_Embedded_and_Electrical\FPGA_and_Zybo_Z7_Coursework\Vivado_Board_Setup_Utilities\vivado_set_zybo_z7_20.jou","1145","2026-07-12T22:27:59","BBA89B5B6C3B3FE66283AD8AE256B394F4721FF19177409D414507C44FD222F4"
"02_Hardware_Embedded_and_Electrical\FPGA_and_Zybo_Z7_Coursework\Vivado_Board_Setup_Utilities\vivado_set_zybo_z7_20.log","2867","2026-07-12T22:28:01","864599919A25EE8C9923FD155A1B47ACD9440968F8E6486415FADEBBF2B9C9AE"
"02_Hardware_Embedded_and_Electrical\FPGA_and_Zybo_Z7_Coursework\Vivado_Board_Setup_Utilities\vivado_set_zybo_z7_20_direct.jou","1174","2026-07-12T22:31:30","0FF8C5CEA61DD084920061CD41E2D0EB8B024B7391F5EC03E7D8AA9D4B06D85F"
"02_Hardware_Embedded_and_Electrical\FPGA_and_Zybo_Z7_Coursework\Vivado_Board_Setup_Utilities\vivado_set_zybo_z7_20_direct.log","2208","2026-07-12T22:31:32","8216B9F8FF5388628B37F9E9AE1B61B5AFD209540837D4354787BA1BCD5438B6"
"02_Hardware_Embedded_and_Electrical\FPGA_and_Zybo_Z7_Coursework\Vivado_Board_Setup_Utilities\vivado_verify_zybo_z7_20_direct.jou","1192","2026-07-12T22:31:46","44B7D151534B84D65AB9EEE9702753E610CBDEEDF1C05AB6CEE7DC92668F2C1B"
"02_Hardware_Embedded_and_Electrical\FPGA_and_Zybo_Z7_Coursework\Vivado_Board_Setup_Utilities\vivado_verify_zybo_z7_20_direct.log","2536","2026-07-12T22:31:48","F9702BC9A230A3333B9A8963D5EEB3D737135091A49FDA765FC72FB21EC44F6D"
"02_Hardware_Embedded_and_Electrical\FPGA_and_Zybo_Z7_Coursework\Vivado_Board_Setup_Utilities\vivado_verify_zybo_z7_master_xdc.jou","1200","2026-07-12T22:54:08","2A160B2C4A9B4456591015179FB03E4B035DEBE3EAC22680B66F8D3C22DB4A87"
"02_Hardware_Embedded_and_Electrical\FPGA_and_Zybo_Z7_Coursework\Vivado_Board_Setup_Utilities\vivado_verify_zybo_z7_master_xdc.log","2710","2026-07-12T22:54:10","3FF635C00857859E3C705E6DBF8DE416B00FB3D7946397456D00669526F5A1A4"
"02_Hardware_Embedded_and_Electrical\FPGA_Smart_Parking_Garage\Proposal\Smart_Parking_Garage_Proposal.docx","13070","2026-07-05T22:44:23","7EDBD81F15E102F3608D95E00A65D6FC3E3C4D86C28327B4B52831633051AD8F"
"02_Hardware_Embedded_and_Electrical\RIMS_State_Machine_Coursework\Assignement 3- EEL4730.c","0","2025-01-28T23:47:10","E3B0C44298FC1C149AFBF4C8996FB92427AE41E4649B934CA495991B7852B855"
"02_Hardware_Embedded_and_Electrical\RIMS_State_Machine_Coursework\Assignement 3- EEL4730.sm","115487","2025-01-28T23:51:14","90DADCF61EDCF97A3A3A5E6C5E78A1B0B6632FCD83D2AA8FF96546CC7FD19601"
"02_Hardware_Embedded_and_Electrical\RIMS_State_Machine_Coursework\Assignemnt 5 - EEL4730.c","2961","2025-02-11T21:48:03","FE093322241A926111327C9D43C2D7CACB9B6D147A396B628713BB2C2FD69604"
"02_Hardware_Embedded_and_Electrical\RIMS_State_Machine_Coursework\Assignemnt 5 - EEL4730.docx","1793027","2025-02-11T22:03:03","7AE8AC133FC08274943F0613E82C305F3BA55ADFF1C62339A8CFD9977421D1F5"
"02_Hardware_Embedded_and_Electrical\RIMS_State_Machine_Coursework\Assignemnt 5 - EEL4730.pdf","543460","2025-02-11T22:03:17","8506A800D396E4105D673E03E94D47E368795C108870CDC02F02C4FD7E876AC6"
"02_Hardware_Embedded_and_Electrical\RIMS_State_Machine_Coursework\Assignemnt 5 - EEL4730.sm","124993","2025-02-11T21:47:56","A1584A512FD9B2857982411C0D75184ABB5EFCF85BE5F42C9D1C8BF794984541"
"02_Hardware_Embedded_and_Electrical\RIMS_State_Machine_Coursework\Assignemnt 5- Part 1 - EEL4730.c","1498","2025-02-11T22:01:39","7B9AE38691B2D4988517A30DFD0EF68CE04D3933D682BD5589062F69AF1ABC0E"
"02_Hardware_Embedded_and_Electrical\RIMS_State_Machine_Coursework\Assignemnt 5- Part 1 - EEL4730.sm","34060","2025-02-11T22:04:39","B108B39FF855F9A5D0A4FC495505204E00012F48564EEC6C569DED84EB94F505"
"02_Hardware_Embedded_and_Electrical\RIMS_State_Machine_Coursework\Assignemnt 7- EEl4730#2.c","1594","2025-02-18T20:11:59","1370D1B5EC3247178DCD47332EE75D6E0956CEFB9D115E893434EDE34907F355"
"02_Hardware_Embedded_and_Electrical\RIMS_State_Machine_Coursework\Assignemnt 7- EEl4730#2.sm","44236","2025-02-18T20:11:56","70333BA27AC6E31AC191E6457C101E0AA4834725E0412EE68AA7EE7EBD982617"
"02_Hardware_Embedded_and_Electrical\RIMS_State_Machine_Coursework\Assignemnt 7- EEL4730.docx","219665","2025-02-18T21:03:04","C60BAA869C543EA2F7A1316394620DE68DC678DE5620FC91F47A2AB0DBAA4794"
"02_Hardware_Embedded_and_Electrical\RIMS_State_Machine_Coursework\Assignemnt 7- EEL4730.pdf","207016","2025-02-18T21:03:02","822365F822997D3CBDB0F4DFDE4E75E2B2F009FCC061156D762661CF2DD6B953"
"02_Hardware_Embedded_and_Electrical\RIMS_State_Machine_Coursework\Assignemnt Z1.c","2026","2025-01-14T22:05:37","4AA67D6B1E2802635F6CF0844A80397FD0D65DC4E11F9C89D812DDCDBCE4E7DB"
"02_Hardware_Embedded_and_Electrical\RIMS_State_Machine_Coursework\Assignment 2 - EEL4730.c","1046","2025-01-21T22:04:14","C9A4E80DFD3811AAA67A7B2F32AED47353287EBF263D20512DD119F4CF4784B1"
"02_Hardware_Embedded_and_Electrical\RIMS_State_Machine_Coursework\Assignment 3 - EEL4730.c","754","2025-01-28T22:55:18","8A228DB9DD17DB8A04884F8A02B940A3DC2A9EF75FC3C49A0AFA199F871C3B72"
"02_Hardware_Embedded_and_Electrical\RIMS_State_Machine_Coursework\Assignment 3 - EEL4730.docx","140542","2025-01-28T23:49:02","0A728834B31516D1073A84FD10A58FA8C02F7DAF0D22FB6382E26052524E98B1"
"02_Hardware_Embedded_and_Electrical\RIMS_State_Machine_Coursework\Assignment 3 - EEL4730.pdf","210104","2025-01-28T23:49:35","7334074633D314DCC9A59B4F3DFE709652F5C6308723BCFF94DF7961500C2B36"
"02_Hardware_Embedded_and_Electrical\RIMS_State_Machine_Coursework\Assignment 4 #1- EEl4730.c","1624","2025-02-05T01:30:25","61234C0FD497D177AFBE51079F946ECFD725D369EBEFFEB3E928D2846931A19A"
"02_Hardware_Embedded_and_Electrical\RIMS_State_Machine_Coursework\Assignment 4- EEL4730.c","890","2025-02-04T23:23:03","1065AD9D749E26EE45329D80087EA6A91B9A4CCE3A2AAC4644D32FC8C0F0537B"
"02_Hardware_Embedded_and_Electrical\RIMS_State_Machine_Coursework\Assignment 4- EEL4730.docx","462068","2025-02-05T01:39:29","773767564A1A4FB1E7800926730374E94A5D528DCDCA0631F8659D4AFB4707F0"
"02_Hardware_Embedded_and_Electrical\RIMS_State_Machine_Coursework\Assignment 4 Excercise #1 -EEl4730.c","2007","2025-02-05T01:26:52","AE52CDF996ABC10EF192E5E1BCDC050136FF12BD9D4743EA4401A8FEFED1DAB1"
"02_Hardware_Embedded_and_Electrical\RIMS_State_Machine_Coursework\Assignment 4 Excercise #1 -EEl4730.sm","64501","2025-02-05T01:26:50","C9DE15E0577668881EFE811F1534C2F699770017FC1F31C81404858C7F399E2F"
"02_Hardware_Embedded_and_Electrical\RIMS_State_Machine_Coursework\Assignment 4 Excercise #2 - EEl4730.c","1732","2025-02-05T01:34:46","C1B8B566C0985B643327C65E1FCA6732056618F5BA40923F1AD9A132BCF461BD"
"02_Hardware_Embedded_and_Electrical\RIMS_State_Machine_Coursework\Assignment 4 Excercise #2 - EEl4730.sm","54264","2025-02-05T00:28:52","BC5F6782F63FFCA003D08B85B15ADE046CFA4F945C906D4F09B01BEA9D245B36"
"02_Hardware_Embedded_and_Electrical\RIMS_State_Machine_Coursework\Assignment 4#1&2- EEL4730.pdf","372985","2025-02-05T01:38:00","4706F661B11537756C9B12C323AEDE61245FB41DD022A05F0360138C112CE2BA"
"02_Hardware_Embedded_and_Electrical\RIMS_State_Machine_Coursework\Assignment 4#1-RIMS-EEL4730.c","941","2025-02-04T23:30:56","5C9991D4205051E5795E9C5D997DC318A566DB01A8E4905B563813FB507668A3"
"02_Hardware_Embedded_and_Electrical\RIMS_State_Machine_Coursework\Assignment 6- EEl4730.c","1813","2025-02-18T20:49:11","8C0E6C12C10202D6B93E2FEEC87037F45FF71DF58E970A37F1F2FAD111E264B6"
"02_Hardware_Embedded_and_Electrical\RIMS_State_Machine_Coursework\Assignment 6- EEl4730.sm","74212","2025-02-18T20:49:07","1C2CB73F454D28EB3AA5779A12104B6D7B34DFFC44D3054209A8B20D8B50CCE0"
"02_Hardware_Embedded_and_Electrical\RIMS_State_Machine_Coursework\Assignment 8 -EEL4730.c","2551","2025-03-04T21:38:27","CB8EDAA0464B91E4AD2622109F972CCC5D79F7A1F3916D9E2EDCCD1B05606A0A"
"02_Hardware_Embedded_and_Electrical\RIMS_State_Machine_Coursework\Assignment 8- EEL4730.docx","525951","2025-03-04T21:52:40","84826A755D2AE9252642F46597504791879964A2086FF25505E26ADCBB0A5EA2"
"02_Hardware_Embedded_and_Electrical\RIMS_State_Machine_Coursework\Assignment 8- EEL4730.pdf","384067","2025-03-04T21:52:52","089AC2C8736E8AA5631BAD84FC592AE5122C69B93B656D559324686F429E527F"
"02_Hardware_Embedded_and_Electrical\RIMS_State_Machine_Coursework\Assignment 8 -EEL4730.sm","75209","2025-03-04T21:38:25","377ED3847E61AAC8988362449194EEA1C8487F79FEF53B431C5971351A0797D7"
"02_Hardware_Embedded_and_Electrical\RIMS_State_Machine_Coursework\Assignmernt 2 - EEl4730.pdf","128089","2025-01-21T23:12:09","6AAD1514B93B2E2CCA0E04042CBA22DC43F0177CF8B67492817F6345A57FB17F"
"02_Hardware_Embedded_and_Electrical\RIMS_State_Machine_Coursework\assignmnet 10.c","4333","2023-11-29T20:08:15","9EC3A7F6CB6D237DFA128D458B08F00484B7050739EF7E28858F9177CD22259D"
"02_Hardware_Embedded_and_Electrical\RIMS_State_Machine_Coursework\Assingment 7- EEl4730#1.c","1413","2025-02-18T21:00:38","98799E3C4453F34B29C0DBB5E48A382E85F34C6B646C55E324FF83F6A2EE4EA9"
"02_Hardware_Embedded_and_Electrical\RIMS_State_Machine_Coursework\Assingment 7- EEl4730#1.sm","74383","2025-02-18T21:00:36","622A725F3D004FC17061A87E46861E3D699E16AE5E348055BDDFF36B63CFD04F"
"02_Hardware_Embedded_and_Electrical\RIMS_State_Machine_Coursework\Asssignment 6 - EEl4730.docx","196751","2025-02-18T20:55:21","571E6A9877C31C7562BF2CB3AD5C1AFB6E603FAE48B561099FBEE13E22F72C93"
"02_Hardware_Embedded_and_Electrical\RIMS_State_Machine_Coursework\Asssignment 6 - EEl4730.pdf","151849","2025-02-18T20:55:33","BAB8A74EB384E97E1D65A9BE752851EEF5AFEBCCC2D4CC3623E79918A57D0751"
"02_Hardware_Embedded_and_Electrical\RIMS_State_Machine_Coursework\EEL4730 -  Assignment 1 & Outline Z1&Z2.docx","454463","2025-01-21T22:00:11","BD923AE3DE710574CA1890C3DCF7F67BE12F8BD9DE428765C07F51477F205A8A"
"02_Hardware_Embedded_and_Electrical\RIMS_State_Machine_Coursework\EEL4730 -  Assignment 1 & Outline Z1&Z2.pdf","106107","2025-01-14T23:31:37","FD0A733FDD0EDC8ED3BFD4C0748B09AE31647D25CE12483D3E5B60BA79F69ADC"
"02_Hardware_Embedded_and_Electrical\RIMS_State_Machine_Coursework\EEL4730 -  Assignment 1 & Outline Z1&Z2-C.pdf","430476","2025-01-14T23:38:57","42AB7135C5BCA5B279A5D9F8BF9B8A7A3DDC72E205AA7CED84D811E12A558452"
"02_Hardware_Embedded_and_Electrical\RIMS_State_Machine_Coursework\EEL4730 - Outline Z1&Z2.docx","15211","2025-01-14T22:22:04","A63F0B8BD9B066E04EA74F2AB23E8B73128738ABC97F7F40625DD7CD00460291"
"02_Hardware_Embedded_and_Electrical\RIMS_State_Machine_Coursework\EEL4730 - Outline Z1&Z2.pdf","97282","2025-01-14T22:26:24","5649EBD84E9053B016D9ECCD9AEFC738D9BE3B4CA01360E30DA7CD7F900358DE"
"02_Hardware_Embedded_and_Electrical\RIMS_State_Machine_Coursework\EEL4730 Assignment 1 Example 2.c","927","2025-01-14T23:31:49","BAE60050EA47C8D1F4DF4E59523A0DB7EED3ADC90903DB1B49C8225FFD57CBA4"
"02_Hardware_Embedded_and_Electrical\RIMS_State_Machine_Coursework\EEl4730 Sewuence for a Switch example.c","1243","2025-01-14T23:28:06","FE681CA958EB3D5D4F60BEFD981F73E481C2EBD55DAB5480B9F8D97E19C4FD64"
"02_Hardware_Embedded_and_Electrical\RIMS_State_Machine_Coursework\EEL4730_Homework10_Z7.docx","167647","2025-03-18T23:24:29","E978315295E60855D7EFD7BE634F46167E9C4863A2A35591A6C8D36D16D25FD1"
"02_Hardware_Embedded_and_Electrical\RIMS_State_Machine_Coursework\EEL4730-Fahedjiha -Project- part 1.docx","100056","2025-03-12T00:25:12","10185682D425E5295BA10B1FF35C92FD89C89B5377B2821ABF856D0AB05093D5"
"02_Hardware_Embedded_and_Electrical\RIMS_State_Machine_Coursework\EEL4730-Fahedjiha -Project- part 1.pdf","105180","2025-03-12T00:25:19","6DAD5D8D78F60A44A4BB04749909A8069E94F15D9FD99BE7AD4E03D2D21DF509"
"02_Hardware_Embedded_and_Electrical\RIMS_State_Machine_Coursework\EEL4740_Homework10_Z7.sm","106364","2025-03-18T23:26:03","E47B058462ACA021C3CCE751FE56FFAEC41836C6F0381EE48AC2F9A398408CE4"
"02_Hardware_Embedded_and_Electrical\RIMS_State_Machine_Coursework\Homework 11- Z10-EEL4730.docx","16965","2025-03-25T23:40:08","52C046AE3DB7D0B91EEA3BCA4B3AD99EA3A5C2CE3F01230F9E4A48954C96EF43"
"02_Hardware_Embedded_and_Electrical\RIMS_State_Machine_Coursework\Homework 11- Z10-EEL4730.pdf","103543","2025-03-25T22:09:52","E3D2B8F02057AF432FA8E97612E9E7AEFE7153CC1032B9C1992B467A4ED5E4DE"
"02_Hardware_Embedded_and_Electrical\RIMS_State_Machine_Coursework\Homework 9-EEL4730.docx","16094","2025-03-11T22:11:41","7E03B0F2C360D0FB4F382A3E7DF224F5D3AECB0BC259602CAE9407F04E1E21AE"
"02_Hardware_Embedded_and_Electrical\RIMS_State_Machine_Coursework\Homework 9-EEL4730.pdf","99622","2025-03-11T22:12:59","EDAD3C634C1BD0CDF62F895072C668E2AB86A83C4C918E58C70E27D915FB32AC"
"02_Hardware_Embedded_and_Electrical\RIMS_State_Machine_Coursework\MQTT_3-EEL4730.pdf","338666","2025-03-26T21:51:18","A68EEA39F6F6ACFC802D6AFE4371DAA87BD0A7216C7C28AC1B7E5C959E1F1962"
"02_Hardware_Embedded_and_Electrical\RIMS_State_Machine_Coursework\MQTT4_EEL4730.docx","80513","2025-04-08T18:41:17","7B068D2169D18B86BA006C7D7F9BB9B40DC0DA6B3CFE4ED4C5AAF0279500A99E"
"02_Hardware_Embedded_and_Electrical\RIMS_State_Machine_Coursework\MQTT4_EEL4730.pdf","94956","2025-04-08T18:41:36","E6D782295AB00449F50C57D929A49602D66AF1009525A2D76C8803F988317B09"
"02_Hardware_Embedded_and_Electrical\RIMS_State_Machine_Coursework\Reference_Samples\RIMS_ch2_ParkingLot_sample.c","1548","2025-02-05T01:33:46","4BA22A0CFCD38703C7A4F672313CE412D35FF2EC54A5B76CDCE0393803DF0CE0"
"02_Hardware_Embedded_and_Electrical\RIMS_State_Machine_Coursework\Reference_Samples\RIMS_ch3_Latch_sample.c","1092","2025-01-14T22:38:54","43A07FADBC113CE4D114683721812FD2CD45A99B2745C24C4E4B0B21231F0C04"
"02_Hardware_Embedded_and_Electrical\RIMS_State_Machine_Coursework\Reference_Samples\RIMS_ch5_Pwm_sample.c","47","2025-01-14T22:31:15","56C00B912AB5B92D24D6C199CD56D6E7523BB9F6F715409FBAD00BF3DA78FE4E"
"02_Hardware_Embedded_and_Electrical\RIMS_State_Machine_Coursework\Reference_Samples\RIMS_Frequency_Reader.c","2484","2025-01-14T22:31:42","2DD893A1FAD2C6CFF4A112666D333026843587AA5C543D1FD98CEC35471816F8"
"03_Software_Coursework_Archive\Software_Design_Documentation\Assignment_7_Completed.docx","1769564","2026-07-16T20:47:34","26D2288D1499245AB1A50F58B05D1D7AFADA8C2D3EE8334FB6B6C3554B2C364E"
"03_Software_Coursework_Archive\Software_Design_Documentation\COP2210_Project_Proposal.pdf","80037","2026-06-14T21:56:12","27DC837AB9084E5A0DB7786BA5B5E240FF3761B3B5A2D6AD061317526634D95B"
"03_Software_Coursework_Archive\Software_Design_Documentation\Window_Quote_Class_Diagram.pptx","168826","2026-06-30T23:20:51","B99773AA913F0FDEB210412F7CB41729E95BEAD6FEFE04696864A3D926AED934"
"03_Software_Coursework_Archive\Standalone_CPP_Source\assignmnet 10.c","4331","2023-11-29T20:18:47","049A8E35904B3266F898205B50E809CB8E746F075812B78C38F86A8B5A9F74EA"
"03_Software_Coursework_Archive\Standalone_CPP_Source\iMobile.cpp","1551","2023-03-20T01:27:09","36C4E29DCD7F1929146EE5911F6700CF4622CCE2260DFCC17E36DB745BE73901"
"03_Software_Coursework_Archive\Standalone_CPP_Source\loanCalculator.cpp","3408","2023-03-20T01:36:16","29520920EE650F04F04C9A5C4A23D64B5D19287C2FE08AC967EBA72DBBED421B"
"03_Software_Coursework_Archive\Standalone_CPP_Source\LOANPAYMENT.CPP","3660","2023-02-28T18:44:47","BD932ECD35077FD67D86706A9B9F828FD062431C532C74BD4141A364B5075585"
"03_Software_Coursework_Archive\Standalone_CPP_Source\Recsolid (1).cpp","739","2023-02-10T21:49:29","414455702B00F29CAF1623FC3DEF77EDCC255EF035E6BB60FAA875E8E490A5BD"
"03_Software_Coursework_Archive\Standalone_CPP_Source\stockTrade.cpp","2756","2023-03-07T21:32:26","B36A10AA2B9CFD05FAE4E854C58E9D466D9349EAC72AD4E4AA6C22238155F559"
"03_Software_Coursework_Archive\Standalone_CPP_Source\stocktrade_REVISION.cpp","2781","2023-03-07T21:12:36","7FD6CC94A863695AACC39D35CC4EDD478723A954526382CBC3DC41A801B450DE"
"03_Software_Coursework_Archive\Visual_Studio_CPP\Assignment 1\Assignment 1.sln","1457","2025-01-12T20:18:01","215745977B564828C8D60819B2F0ED58702372351BAB8B5DF8B02551E31A720A"
"03_Software_Coursework_Archive\Visual_Studio_CPP\Assignment 1\Assignment 1\Assignment 1.vcxproj","6619","2025-01-12T20:18:00","C5E6388207D76AC8664A328B0A626FDF182538DFFF8C3C6D0CF3A558D45ED0BA"
"03_Software_Coursework_Archive\Visual_Studio_CPP\Assignment 1\Assignment 1\Assignment 1.vcxproj.filters","855","2025-01-12T20:18:01","68769892B2086D7A5BAED3832B576D2EE728D203E83FA090734ED13BB0FA1B73"
"03_Software_Coursework_Archive\Visual_Studio_CPP\baldder\baldder.sln","1442","2023-04-14T14:01:11","7E69C760F1A3AAAB1422EE636460F0097A8538D83CFC00F97F0AB0247B81AFA9"
"03_Software_Coursework_Archive\Visual_Studio_CPP\baldder\baldder\baldder.vcxproj","6663","2023-04-14T14:08:17","095186AB08AFC75D8D1F0F455EC3C15A062F13DF309EF9425851FCD07919E434"
"03_Software_Coursework_Archive\Visual_Studio_CPP\baldder\baldder\baldder.vcxproj.filters","1073","2023-04-14T14:08:17","A05F1CEC6F9D9C9DBBD44B6E99515EACA5741F27FBDA9B140DD0B281BA0D402A"
"03_Software_Coursework_Archive\Visual_Studio_CPP\baldder\baldder\Source.cpp","2947","2023-04-14T14:01:25","75825009D7D853D2F7B19808912101E6F2DA02F44FD3B3C666DC4B9E34DE1ED2"
"03_Software_Coursework_Archive\Visual_Studio_CPP\baldder\baldder\Source1.cpp","3265","2023-04-14T14:08:17","B8B6BCB08D6DDCB5168E12ECEB0E5FE799FD43EF803D1E04862372EE050BA156"
"03_Software_Coursework_Archive\Visual_Studio_CPP\COURSE SUMMARY\COURSE SUMMARY.sln","1463","2023-03-20T01:45:17","693A3DE3561C7B1BBE56E0FF0C46BD6A654309234FF8C68715D6103833869F27"
"03_Software_Coursework_Archive\Visual_Studio_CPP\COURSE SUMMARY\COURSE SUMMARY\COURSE SUMMARY.vcxproj","6628","2023-03-20T01:51:56","7AC754F018C9F247AA567FEA0FF4C3368F388564D9F7748FCACB6ECF1D3118F0"
"03_Software_Coursework_Archive\Visual_Studio_CPP\COURSE SUMMARY\COURSE SUMMARY\COURSE SUMMARY.vcxproj.filters","979","2023-03-20T01:51:56","52344C55570691927E91DB4A087ECE1BF95344F95A2CAEFD4382C50DDACFA759"
"03_Software_Coursework_Archive\Visual_Studio_CPP\COURSE SUMMARY\COURSE SUMMARY\Source.cpp","823","2023-03-27T22:43:50","C0DFC7856432D601526EB1C5BFEA82BB810F5A41DB8F93015C5BA39B95AB66A0"
"03_Software_Coursework_Archive\Visual_Studio_CPP\COURSE SUMMARY\COURSE SUMMARY\Source\Source.cpp","745","2023-03-20T02:13:50","9FEC0A66F872375D5DD017A75050EC8DFDAF0E73FFF87B18B857489F907B75AB"
"03_Software_Coursework_Archive\Visual_Studio_CPP\coursesummary_THISONE\coursesummary.sln","1460","2023-03-27T22:51:31","FF12538F4E12DA77AF743D4B1EFC5557C117B90447DEAF4F7B81825089ABC547"
"03_Software_Coursework_Archive\Visual_Studio_CPP\coursesummary_THISONE\coursesummary\COP1334C.txt","441","2023-04-01T11:15:41","F5C3AF26F2E0DA976B6B0720C76D71986BF3E1BA8F6B4F1B76E2836D08DF0C9D"
"03_Software_Coursework_Archive\Visual_Studio_CPP\coursesummary_THISONE\coursesummary\coursesummary.vcxproj","6628","2023-03-27T22:59:16","120B262B13615A0FF1F81EBDD1F65658C99025F99DB2E7FEFC2E3020C4C09A0D"
"03_Software_Coursework_Archive\Visual_Studio_CPP\coursesummary_THISONE\coursesummary\coursesummary.vcxproj.filters","979","2023-03-27T22:59:16","52344C55570691927E91DB4A087ECE1BF95344F95A2CAEFD4382C50DDACFA759"
"03_Software_Coursework_Archive\Visual_Studio_CPP\coursesummary_THISONE\coursesummary\Source.cpp","1365","2023-04-20T22:05:40","8A57888441140D06805E0F94D9BAAF3137EF786B4AB22FEE00359F8F16151041"
"03_Software_Coursework_Archive\Visual_Studio_CPP\DUMMY PRACTICE\DUMMY PRACTICE.sln","1463","2022-10-10T04:18:40","153EE2E51B71256673641AE6C4DC8063BFB1943D53C078E4BC3EA80534C49930"
"03_Software_Coursework_Archive\Visual_Studio_CPP\DUMMY PRACTICE\DUMMY PRACTICE\DUMMY PRACTICE.vcxproj","6628","2022-10-10T04:23:23","3504F2BE9049221D00FD5938D1DF152BF49089AF47B09D2587A6FD296FAFC537"
"03_Software_Coursework_Archive\Visual_Studio_CPP\DUMMY PRACTICE\DUMMY PRACTICE\DUMMY PRACTICE.vcxproj.filters","979","2022-10-10T04:23:23","52344C55570691927E91DB4A087ECE1BF95344F95A2CAEFD4382C50DDACFA759"
"03_Software_Coursework_Archive\Visual_Studio_CPP\DUMMY PRACTICE\DUMMY PRACTICE\Source.cpp","164","2024-09-17T13:28:19","2A03B590B67C307A7A14197C7E8B48942D607784E24598F18143420C59B7D535"
"03_Software_Coursework_Archive\Visual_Studio_CPP\dummy\dummy.sln","1436","2022-10-09T23:24:21","6A50EA23B9E69B3B51A85F42D393051F658C52686677E6DEEF7BD29069E1E23D"
"03_Software_Coursework_Archive\Visual_Studio_CPP\dummy\dummy\dummy.vcxproj","6620","2022-10-09T23:24:43","0B94006DE17755ECFB30EFC28BD0C30779910C7BE8A733D1528E9748A048A8C8"
"03_Software_Coursework_Archive\Visual_Studio_CPP\dummy\dummy\dummy.vcxproj.filters","979","2022-10-09T23:24:43","52344C55570691927E91DB4A087ECE1BF95344F95A2CAEFD4382C50DDACFA759"
"03_Software_Coursework_Archive\Visual_Studio_CPP\dummy\dummy\Source.cpp","129","2022-10-09T23:25:08","CE38124FD2420886B34EBEA979E6E8B42C1C437CA269685AB87B1E84EE7DDA23"
"03_Software_Coursework_Archive\Visual_Studio_CPP\Everglades\Everglades.sln","1451","2023-04-13T21:31:08","542050B9C5CDAEAF821274A88FEA67D9AAC72F9DE7DCE655F9D55102B8C264BF"
"03_Software_Coursework_Archive\Visual_Studio_CPP\Everglades\Everglades\Everglades.vcxproj","6625","2023-04-13T21:31:43","BCCFCFE9C479A2917CF0441BFD65F3C9E3A7EAD50A0271007D32457F3EB41177"
"03_Software_Coursework_Archive\Visual_Studio_CPP\Everglades\Everglades\Everglades.vcxproj.filters","979","2023-04-13T21:31:43","52344C55570691927E91DB4A087ECE1BF95344F95A2CAEFD4382C50DDACFA759"
"03_Software_Coursework_Archive\Visual_Studio_CPP\Everglades\Everglades\Source.cpp","9053","2023-04-13T21:31:43","A61FD184DB928950BF35CDAB29AB3E94ED9454A093A6D56C47324CD4F4D68CDE"
"03_Software_Coursework_Archive\Visual_Studio_CPP\EVERGLASED REVISED\EVERGLASED REVISED.sln","1475","2023-04-15T12:44:17","F47EBB5891CCCB379AE7F21ABE53F31757E3CF0BE58B6B2EA2A0134AF30D4ECC"
"03_Software_Coursework_Archive\Visual_Studio_CPP\EVERGLASED REVISED\EVERGLASED REVISED\EVERGLASED REVISED.vcxproj","6632","2023-04-15T12:44:30","4C864157644EDB30ADAAA7474086A7A8619A9F73CD6642B8A65F2E1AD6D0567A"
"03_Software_Coursework_Archive\Visual_Studio_CPP\EVERGLASED REVISED\EVERGLASED REVISED\EVERGLASED REVISED.vcxproj.filters","979","2023-04-15T12:44:30","52344C55570691927E91DB4A087ECE1BF95344F95A2CAEFD4382C50DDACFA759"
"03_Software_Coursework_Archive\Visual_Studio_CPP\EVERGLASED REVISED\EVERGLASED REVISED\Source.cpp","8393","2023-04-15T12:51:58","31F40168ED5A1682C78E2917AFF1B7CB5FAA420F40D99D66528B91A9CCDDF7A2"
"03_Software_Coursework_Archive\Visual_Studio_CPP\HW3\HW3.sln","1430","2024-09-17T13:22:44","0BE8E51C81D15139108571E7F03E15513B85EB3390F191595F300D82252E2EBA"
"03_Software_Coursework_Archive\Visual_Studio_CPP\HW3\HW3\hello.cpp","257","2024-09-17T15:34:28","E13F379598D39275683F79792A440B9281823598C04B371A75C44AB8E3E28E37"
"03_Software_Coursework_Archive\Visual_Studio_CPP\HW3\HW3\HW3.vcxproj","6617","2024-09-17T15:33:13","FC75D9286C12741C14233EDEFD9F470526C9CE2135C9C17344CF77B114A0F1FD"
"03_Software_Coursework_Archive\Visual_Studio_CPP\HW3\HW3\HW3.vcxproj.filters","978","2024-09-17T15:33:13","61404EF76376D2CC0718B5FFFBD5AAABA42EB145950AE4E3844B870EB0227CE5"
"03_Software_Coursework_Archive\Visual_Studio_CPP\HW3\HW3\Source1.cpp","161","2024-09-17T13:32:06","246A41F5EEC227C86EB1670D660EE263C824BBF94E86A2A316EE3163A02F7CF3"
"03_Software_Coursework_Archive\Visual_Studio_CPP\HW3\HW3\yn2g2ktl..cpp","0","2024-09-17T13:31:08","E3B0C44298FC1C149AFBF4C8996FB92427AE41E4649B934CA495991B7852B855"
"03_Software_Coursework_Archive\Visual_Studio_CPP\iMOBILEcalculator\iMOBILEcalculator.sln","1472","2023-03-20T01:21:16","C8F26D609EED9F319550413E0E0DFCE0C171B2585CE8C793A0C9353EE56C9771"
"03_Software_Coursework_Archive\Visual_Studio_CPP\iMOBILEcalculator\iMOBILEcalculator\iMOBILEcalculator.vcxproj","6632","2023-03-20T01:21:29","DC1E65C61959ECF4386E96BBED57E00A10EDBB742BAD0EE4D43DA3BEB9440016"
"03_Software_Coursework_Archive\Visual_Studio_CPP\iMOBILEcalculator\iMOBILEcalculator\iMOBILEcalculator.vcxproj.filters","979","2023-03-20T01:21:29","52344C55570691927E91DB4A087ECE1BF95344F95A2CAEFD4382C50DDACFA759"
"03_Software_Coursework_Archive\Visual_Studio_CPP\iMOBILEcalculator\iMOBILEcalculator\Source.cpp","1551","2023-03-20T01:26:43","36C4E29DCD7F1929146EE5911F6700CF4622CCE2260DFCC17E36DB745BE73901"
"03_Software_Coursework_Archive\Visual_Studio_CPP\loanCalculator.cpp\loanCalculator.cpp.sln","1475","2023-03-16T19:42:08","0EF96E80F655FFEB33617939403E744CC1C3343B7694D0C76F18EF8879B0ADFF"
"03_Software_Coursework_Archive\Visual_Studio_CPP\loanCalculator.cpp\loanCalculator.cpp\loanCalculator.cpp.vcxproj","6632","2023-03-16T19:43:42","43F6A7E47521A103D73C4EB0AFF1A5DB9A384C81D896AA954DFD370A66679428"
"03_Software_Coursework_Archive\Visual_Studio_CPP\loanCalculator.cpp\loanCalculator.cpp\loanCalculator.cpp.vcxproj.filters","979","2023-03-16T19:43:42","52344C55570691927E91DB4A087ECE1BF95344F95A2CAEFD4382C50DDACFA759"
"03_Software_Coursework_Archive\Visual_Studio_CPP\loanCalculator.cpp\loanCalculator.cpp\Source.cpp","3283","2023-03-16T20:14:43","07DB7AF12A22A95B3F93529BB8891BEE20E765BCF0A27BBA628777C1DD981259"
"03_Software_Coursework_Archive\Visual_Studio_CPP\loanCalculator\loanCalculator.sln","1463","2022-10-09T20:54:25","D4A13D4B93F80837483D770CB684B1D4755286E3DEE515C8AEDEFA1DC3E24CE7"
"03_Software_Coursework_Archive\Visual_Studio_CPP\loanCalculator\loanCalculator\loanCalculator.cpp","2100","2022-10-09T23:21:51","FF8FD8382BB0C036509E57DD970A01ECC4C31BFFAEDF0116668A0FF2488FCB3D"
"03_Software_Coursework_Archive\Visual_Studio_CPP\loanCalculator\loanCalculator\loanCalculator.vcxproj","6629","2022-10-09T20:58:04","07670E3CB8DFD746C08C7471C6080FB46A221778ADBBDCF3B180E8C0CBFF7A6C"
"03_Software_Coursework_Archive\Visual_Studio_CPP\loanCalculator\loanCalculator\loanCalculator.vcxproj.filters","979","2022-10-09T20:58:04","52344C55570691927E91DB4A087ECE1BF95344F95A2CAEFD4382C50DDACFA759"
"03_Software_Coursework_Archive\Visual_Studio_CPP\loanCalculator\loanCalculator\Source.cpp","2113","2022-10-10T17:12:38","07CD89EA9133A2E5E5215331147C2A08F9586A34867FF7323FFE7120B93F73F0"
"03_Software_Coursework_Archive\Visual_Studio_CPP\m6uta\m6uta.sln","1436","2023-05-22T23:15:46","45E8D8381AB1EB05BEA2C273B5011687E7C2DFD2F9A4B0C2DAB15DD7C24E67E2"
"03_Software_Coursework_Archive\Visual_Studio_CPP\m6uta\m6uta\m6uta.vcxproj","6620","2023-05-22T23:17:27","28E60B8F4D795EA5352A63CB59DA8C0C432123BD361F1709574F09FE8BA07687"
"03_Software_Coursework_Archive\Visual_Studio_CPP\m6uta\m6uta\m6uta.vcxproj.filters","979","2023-05-22T23:17:27","52344C55570691927E91DB4A087ECE1BF95344F95A2CAEFD4382C50DDACFA759"
"03_Software_Coursework_Archive\Visual_Studio_CPP\m6uta\m6uta\SERVICE REPORT SOFTWARE.docx","32712","2023-05-21T03:24:48","81A86C7B2E8E10FD6A1C55A39286880EA0808073E6D250807F92423D630D6966"
"03_Software_Coursework_Archive\Visual_Studio_CPP\m6uta\m6uta\Source.cpp","0","2023-05-23T16:29:13","E3B0C44298FC1C149AFBF4C8996FB92427AE41E4649B934CA495991B7852B855"
"03_Software_Coursework_Archive\Visual_Studio_CPP\m6uta\SERVICE REPORT SOFTWARE.docx","32712","2023-05-21T03:24:48","81A86C7B2E8E10FD6A1C55A39286880EA0808073E6D250807F92423D630D6966"
"03_Software_Coursework_Archive\Visual_Studio_CPP\paintEstimator\paintEstimator.sln","1463","2023-04-11T20:13:08","34A1BAFF74D15C81447A8AD68870F8B7479747BE79A5C8D5FB6153D7DDB1A303"
"03_Software_Coursework_Archive\Visual_Studio_CPP\paintEstimator\paintEstimator\paintEstimator.vcxproj","6629","2023-04-11T20:13:45","2770F3FA148B12E6C75E73AA9609AA96563B8CD0111DFAE91C356D9627E52B4D"
"03_Software_Coursework_Archive\Visual_Studio_CPP\paintEstimator\paintEstimator\paintEstimator.vcxproj.filters","979","2023-04-11T20:13:45","52344C55570691927E91DB4A087ECE1BF95344F95A2CAEFD4382C50DDACFA759"
"03_Software_Coursework_Archive\Visual_Studio_CPP\paintEstimator\paintEstimator\Source.cpp","2813","2023-04-11T20:15:57","718B49FDF71259CD0DCAD7D24D53BCE6A3DA6FDAFCC7CC860F0148986C44CD50"
"03_Software_Coursework_Archive\Visual_Studio_CPP\Project 1\Project 1.sln","1457","2022-10-09T16:32:09","D2231E0B122CA75C78C547D97E635329954B76D00FB9F2C1E878BE125AD549CE"
"03_Software_Coursework_Archive\Visual_Studio_CPP\Project 1\Test Project\Source.cpp","92","2022-10-09T17:30:51","C04A515011933989089CE81913D515B3F88D6425A4581463F6ECA27CE62B39F4"
"03_Software_Coursework_Archive\Visual_Studio_CPP\Project 1\Test Project\Test Project.vcxproj","6626","2022-10-09T16:41:54","E7C677BD98A24912AB1BBCFD58C700BFE1AF56FAE87B9BCDA1BF4EE622C4DD6E"
"03_Software_Coursework_Archive\Visual_Studio_CPP\Project 1\Test Project\Test Project.vcxproj.filters","979","2022-10-09T16:41:54","52344C55570691927E91DB4A087ECE1BF95344F95A2CAEFD4382C50DDACFA759"
"03_Software_Coursework_Archive\Visual_Studio_CPP\Project1\Project1.sln","1445","2023-04-14T14:08:56","1F0838B8DA537591571FE62654A341115F17313A28AD5443BC66AA96EE925A02"
"03_Software_Coursework_Archive\Visual_Studio_CPP\Project1\Project1\Project1.vcxproj","6623","2023-04-14T14:09:03","4E3B1D80E043BA6961C49776E29EE8021E4162AB49128F9FD1358E35CDA44216"
"03_Software_Coursework_Archive\Visual_Studio_CPP\Project1\Project1\Project1.vcxproj.filters","979","2023-04-14T14:09:03","52344C55570691927E91DB4A087ECE1BF95344F95A2CAEFD4382C50DDACFA759"
"03_Software_Coursework_Archive\Visual_Studio_CPP\Project1\Project1\Source.cpp","3266","2023-04-14T14:09:21","C6C6BD478BCFE192F319B507BA0BA8DADA7CB1BDDC93B325858DE488A8B4563F"
"03_Software_Coursework_Archive\Visual_Studio_CPP\Project2\Project2.sln","1445","2023-04-14T19:32:21","DE81793432BC0AD28B9D717E50231D733602366C56FDBFC0B373DB8B3AA3C4F7"
"03_Software_Coursework_Archive\Visual_Studio_CPP\Project2\Project2\Project2.vcxproj","6623","2023-04-14T19:32:32","D4B6B8ED01E66A58C422C68F45D8996674B9A321A5B25C7626C091A759C4B175"
"03_Software_Coursework_Archive\Visual_Studio_CPP\Project2\Project2\Project2.vcxproj.filters","979","2023-04-14T19:32:32","52344C55570691927E91DB4A087ECE1BF95344F95A2CAEFD4382C50DDACFA759"
"03_Software_Coursework_Archive\Visual_Studio_CPP\Project2\Project2\Source.cpp","11640","2023-04-14T19:32:32","18DBEC41C4F1A8061364B97F72889FA926AE0E74A2992B1904EC0F0FE5EDDC58"
"03_Software_Coursework_Archive\Visual_Studio_CPP\Project3\Project3.sln","1445","2023-04-14T19:49:26","B0F34F3B54BB97AF24841840FBD389927A3D09B1792731C037EAFEC54C63682A"
"03_Software_Coursework_Archive\Visual_Studio_CPP\Project3\Project3\Project3.vcxproj","6623","2023-04-14T19:49:37","051B0E616DE26A803694D909C72085D2F3760CB988FFA47383EE9204D4B5DE9D"
"03_Software_Coursework_Archive\Visual_Studio_CPP\Project3\Project3\Project3.vcxproj.filters","979","2023-04-14T19:49:37","52344C55570691927E91DB4A087ECE1BF95344F95A2CAEFD4382C50DDACFA759"
"03_Software_Coursework_Archive\Visual_Studio_CPP\Project3\Project3\Source.cpp","1800","2023-04-14T19:54:08","2009DF21505FBA3F03099832756CDFA8140F9F3348C0D55464569BC4BE91A65E"
"03_Software_Coursework_Archive\Visual_Studio_CPP\Project4\Project4.sln","1445","2023-04-14T19:58:32","D90B8D3F34728189C033A13B67E8F4965A4F90E4FFF5AEC2C075901419B9C014"
"03_Software_Coursework_Archive\Visual_Studio_CPP\Project4\Project4\Project4.vcxproj","6623","2023-04-14T19:58:45","12C55B66ED13051F9FCD4907D238ACC74E8D61D218FEC6F92149A2B2765DA90E"
"03_Software_Coursework_Archive\Visual_Studio_CPP\Project4\Project4\Project4.vcxproj.filters","979","2023-04-14T19:58:45","52344C55570691927E91DB4A087ECE1BF95344F95A2CAEFD4382C50DDACFA759"
"03_Software_Coursework_Archive\Visual_Studio_CPP\Project4\Project4\Source.cpp","2532","2023-04-15T13:13:18","FAAF09752D004FEF974178B9ECEB86A01687E30E1F8281A6B58318AAC2F435A3"
"03_Software_Coursework_Archive\Visual_Studio_CPP\Project5\Project5.sln","1445","2023-04-14T20:01:28","0F79A09F90CBB2B48F162440C57974162C88528A60FB9FE8C18749B9D2660583"
"03_Software_Coursework_Archive\Visual_Studio_CPP\Project5\Project5\Project5.vcxproj","6623","2023-04-14T20:01:37","6074240E56519F50AD5E67E16BFCB844BA8884B9EAAEB4EE5306FBE4778D3C39"
"03_Software_Coursework_Archive\Visual_Studio_CPP\Project5\Project5\Project5.vcxproj.filters","979","2023-04-14T20:01:37","52344C55570691927E91DB4A087ECE1BF95344F95A2CAEFD4382C50DDACFA759"
"03_Software_Coursework_Archive\Visual_Studio_CPP\Project5\Project5\Source.cpp","9843","2023-04-14T20:01:37","309F63C356CABE184E5A467776AB26C0196A07FB024CF4D553D3D13548C440E1"
"03_Software_Coursework_Archive\Visual_Studio_CPP\Project6\Project6.sln","1445","2023-05-23T16:29:48","412A8F4CFD53206391EF8641C236B5991F6C28E1C1E50573B522CF2E6B1E05BF"
"03_Software_Coursework_Archive\Visual_Studio_CPP\Project6\Project6\Project6.vcxproj","6623","2023-05-23T16:30:01","85D5BB505B7E39A52BA42AE95380B79A57EDCA5F115F3755C3EAFD75A6FD320A"
"03_Software_Coursework_Archive\Visual_Studio_CPP\Project6\Project6\Project6.vcxproj.filters","979","2023-05-23T16:30:01","52344C55570691927E91DB4A087ECE1BF95344F95A2CAEFD4382C50DDACFA759"
"03_Software_Coursework_Archive\Visual_Studio_CPP\Project6\Project6\Source.cpp","2781","2023-05-23T16:30:50","CB3F66EE6DCBA11C159537B6C8327301E08B8B87DD9DB0E120A1366E60AF25A1"
"03_Software_Coursework_Archive\Visual_Studio_CPP\RecSolid.cpp\RecSolid.cpp.sln","1457","2023-02-10T21:33:47","8F906A546B4A14D59B790E20095CF4E151368A4571898124BB275B37BD3301CF"
"03_Software_Coursework_Archive\Visual_Studio_CPP\RecSolid.cpp\RecSolid.cpp\RecSolid.cpp.vcxproj","6626","2023-02-10T21:34:44","84C00A57C8C9622CA2287610EBA17C88CB85FFE4737068DBD2F5960306184A2D"
"03_Software_Coursework_Archive\Visual_Studio_CPP\RecSolid.cpp\RecSolid.cpp\RecSolid.cpp.vcxproj.filters","979","2023-02-10T21:34:44","52344C55570691927E91DB4A087ECE1BF95344F95A2CAEFD4382C50DDACFA759"
"03_Software_Coursework_Archive\Visual_Studio_CPP\RecSolid.cpp\RecSolid.cpp\Source.cpp","718","2023-02-10T21:34:44","4DC5525D6D2976D1C76E877E03DD8D4531A6856C20EB8D4F3CBA55D19AE6E0B5"
"03_Software_Coursework_Archive\Visual_Studio_CPP\RecSolid.cpp\RecSolid.cpp\Source1.cpp","0","2022-10-09T16:23:31","E3B0C44298FC1C149AFBF4C8996FB92427AE41E4649B934CA495991B7852B855"
"03_Software_Coursework_Archive\Visual_Studio_CPP\recSolid\recSolid.sln","1445","2022-10-10T15:09:58","9BF9DDF1817AC0DA2C43C3912B83BB2419D7A1731353CC57C4E34BACED82DC4E"
"03_Software_Coursework_Archive\Visual_Studio_CPP\recSolid\recSolid\recSolid.cpp","482","2022-10-11T02:42:16","DF79B47DDCFB1E4827ECFD58E75A23CBFEA0A7B4F90F8FFE9ADD90E906B0D835"
"03_Software_Coursework_Archive\Visual_Studio_CPP\recSolid\recSolid\recSolid.vcxproj","6623","2022-10-10T15:18:40","88E79114F67207BF1373FE13817AA96FCC8640B8DE8C57AB268F098568EE0515"
"03_Software_Coursework_Archive\Visual_Studio_CPP\recSolid\recSolid\recSolid.vcxproj.filters","979","2022-10-10T15:18:40","52344C55570691927E91DB4A087ECE1BF95344F95A2CAEFD4382C50DDACFA759"
"03_Software_Coursework_Archive\Visual_Studio_CPP\recSolid\recSolid\Source.cpp","476","2022-10-10T17:06:12","8BB9BADCEA3D5D9ADEE428B0AD79586ED6A56A5609CFB53C5D39232CCC657D5D"
"03_Software_Coursework_Archive\Visual_Studio_CPP\retry\retry.sln","1436","2022-10-09T23:05:55","1F566D51FA0FA0A52EA92E96D95AAE8ACE09BF315F768CDD73430A1140CB6E5D"
"03_Software_Coursework_Archive\Visual_Studio_CPP\retry\retry\retry.vcxproj","6620","2022-10-09T23:06:18","3438C315AFEF5BE987B11E8AC4542CC155119BCED0468E516A4AFD5FA1237194"
"03_Software_Coursework_Archive\Visual_Studio_CPP\retry\retry\retry.vcxproj.filters","979","2022-10-09T23:06:18","52344C55570691927E91DB4A087ECE1BF95344F95A2CAEFD4382C50DDACFA759"
"03_Software_Coursework_Archive\Visual_Studio_CPP\retry\retry\Source.cpp","2106","2022-10-09T23:06:18","354E159F84DE4EFDB9462E6F97B254E10B364F7C43EAE41B4929FDAE963F1C08"
"03_Software_Coursework_Archive\Visual_Studio_CPP\Soccer\Soccer.sln","1439","2023-04-13T01:00:45","BDFE25347CE8E8BA6AEEF4741381DABA8E55C16F44B5EB344B3850D3425F190F"
"03_Software_Coursework_Archive\Visual_Studio_CPP\Soccer\Soccer\Soccer.vcxproj","6621","2023-04-13T01:00:56","03849FFFBF1D0186EBC9D44E70EE845703341BCACE957CD2841954936F133904"
"03_Software_Coursework_Archive\Visual_Studio_CPP\Soccer\Soccer\Soccer.vcxproj.filters","979","2023-04-13T01:00:56","52344C55570691927E91DB4A087ECE1BF95344F95A2CAEFD4382C50DDACFA759"
"03_Software_Coursework_Archive\Visual_Studio_CPP\Soccer\Soccer\Source.cpp","2947","2023-04-13T01:04:18","75825009D7D853D2F7B19808912101E6F2DA02F44FD3B3C666DC4B9E34DE1ED2"
"03_Software_Coursework_Archive\Visual_Studio_CPP\Stock Trade\Stock Trade.sln","1454","2022-10-09T19:31:28","07B9A1758CC1964F8F83497EAA5C7496C02936CB99AF17A1F19CCCEA81D6D2C8"
"03_Software_Coursework_Archive\Visual_Studio_CPP\Stock Trade\Stock Trade\Source.cpp","1769","2022-10-09T20:50:25","3EF857028652C5B1FAFE220CBEAC5B24436EB2F8A404453204CEAF8DE18D2F69"
"03_Software_Coursework_Archive\Visual_Studio_CPP\Stock Trade\Stock Trade\Stock Trade.vcxproj","6625","2022-10-09T19:46:26","63926B492DB9D6A0520157269F50C48A62F8C9FF3724AD0826B7605FE5C00252"
"03_Software_Coursework_Archive\Visual_Studio_CPP\Stock Trade\Stock Trade\Stock Trade.vcxproj.filters","979","2022-10-09T19:46:26","52344C55570691927E91DB4A087ECE1BF95344F95A2CAEFD4382C50DDACFA759"
"03_Software_Coursework_Archive\Visual_Studio_CPP\StockTrade\StockTrade.sln","1451","2022-10-09T17:35:21","CB80CA02704F29A4253835A3FDA26B7EFC1848BE9B53EFAD2D22AC4091C242C7"
"03_Software_Coursework_Archive\Visual_Studio_CPP\StockTrade\StockTrade\Source.cpp","2756","2023-03-07T21:29:51","B36A10AA2B9CFD05FAE4E854C58E9D466D9349EAC72AD4E4AA6C22238155F559"
"03_Software_Coursework_Archive\Visual_Studio_CPP\StockTrade\StockTrade\StockTrade.vcxproj","6625","2022-10-09T17:35:47","34738E6CF47ECE458FF21F4CEADCAEA8089E422AB9E2511FCF8E8B62195880EA"
"03_Software_Coursework_Archive\Visual_Studio_CPP\StockTrade\StockTrade\StockTrade.vcxproj.filters","979","2022-10-09T17:35:47","52344C55570691927E91DB4A087ECE1BF95344F95A2CAEFD4382C50DDACFA759"
"04_Prototype_and_Experimental_Work\Unreal_First_Person_Prototype\Config\DefaultEditor.ini","250","2022-08-08T00:27:17","6710C72C64009AFB60ED64EF42AF4C38E42AFC5B517C3F7B0B04887364185BB4"
"04_Prototype_and_Experimental_Work\Unreal_First_Person_Prototype\Config\DefaultEditorPerProjectUserSettings.ini","70","2022-08-08T00:27:17","D0992E75056C6858059BB7FBFCEDEB6881B1C1498414518F602E84273D262E59"
"04_Prototype_and_Experimental_Work\Unreal_First_Person_Prototype\Config\DefaultEngine.ini","2160","2022-08-08T00:27:25","6DC2F766B0F779ACBE74DD3F61383C7F1CF675DF643FC236D85314B93B740B43"
"04_Prototype_and_Experimental_Work\Unreal_First_Person_Prototype\Config\DefaultGame.ini","246","2022-08-08T00:27:17","E480C01C8E2581BC870A0D3A900F63D8045B98C8B1AB76171EDACA1DFA90AD91"
"04_Prototype_and_Experimental_Work\Unreal_First_Person_Prototype\Config\DefaultInput.ini","15247","2022-08-08T00:27:17","5BE41FAB75B03C344077DF513DC82577F4288FE09B5CBCA249D379B1FAC6B042"
"04_Prototype_and_Experimental_Work\Unreal_First_Person_Prototype\Content\__ExternalActors__\FirstPerson\Maps\FirstPersonMap\0\0M\LYKU8MRWM4BO3O1FDZBG2U.uasset","4083","2022-08-08T00:27:17","4DE0A511F2AF38D87E097E421B6CC7A9F22C3BC2F254515FE700A06C465FEEAC"
"04_Prototype_and_Experimental_Work\Unreal_First_Person_Prototype\Content\__ExternalActors__\FirstPerson\Maps\FirstPersonMap\0\7P\QZX5AESKLO855EVPT5JU20.uasset","4259","2022-08-08T00:27:17","819A8307F16A70BED113E25BAA6D070AE69F613EEB2CCBB82378B47A088FA8F2"
"04_Prototype_and_Experimental_Work\Unreal_First_Person_Prototype\Content\__ExternalActors__\FirstPerson\Maps\FirstPersonMap\0\CL\381LM03PFI8AF9NED1SEV2.uasset","3378","2022-08-08T00:27:17","BBB0F6CD53BE5D2FBE7AEDB57B0DF95C1F7D449C05ED223506C377D2A64654CE"
"04_Prototype_and_Experimental_Work\Unreal_First_Person_Prototype\Content\__ExternalActors__\FirstPerson\Maps\FirstPersonMap\0\GO\I8WEFD3RY9V3NVQLSU6QM4.uasset","3300","2022-08-08T00:27:17","FC2B12F208A1106094C03B51189F766E816273E6D9E5D9D15373C1F0E70E7CDD"
"04_Prototype_and_Experimental_Work\Unreal_First_Person_Prototype\Content\__ExternalActors__\FirstPerson\Maps\FirstPersonMap\0\NB\NWWEVRQSGT6ARVZ8HQLCM9.uasset","4451","2022-08-08T00:27:17","09209A8B68B746E6DBFB49BC0A8F9156AACF8F8D0B7499D0844781DA4D573BCC"
"04_Prototype_and_Experimental_Work\Unreal_First_Person_Prototype\Content\__ExternalActors__\FirstPerson\Maps\FirstPersonMap\0\WB\V4ALNTJYOVWM8BU452CKV5.uasset","4607","2022-08-08T00:27:17","9C67AA22C149A018818F42AB48C62C1F7D307C111D73914BB805747AFD11BD77"
"04_Prototype_and_Experimental_Work\Unreal_First_Person_Prototype\Content\__ExternalActors__\FirstPerson\Maps\FirstPersonMap\1\2J\R4MRTH8FEAO7ML1BCJFIZ2.uasset","4145","2022-08-08T00:27:17","EB663B1C5483609C01565A22EA09F4CDA42A9FC284137E196BDAB5FE83580383"
"04_Prototype_and_Experimental_Work\Unreal_First_Person_Prototype\Content\__ExternalActors__\FirstPerson\Maps\FirstPersonMap\1\63\MG6FOV6QQX2CAZCGF7O9MM.uasset","4197","2022-08-08T00:27:17","92C6FD0722C14DC68E36AD359A884721D0B587032FF1B9114903C1201056821F"
"04_Prototype_and_Experimental_Work\Unreal_First_Person_Prototype\Content\__ExternalActors__\FirstPerson\Maps\FirstPersonMap\1\JT\XIHYQ8ZTVL6F9GCUZX1AQ2.uasset","4199","2022-08-08T00:27:17","ADDB9598D1828185213B9626916D5834296FDC6323D8BDE5CCAECF072B7FCF8D"
"04_Prototype_and_Experimental_Work\Unreal_First_Person_Prototype\Content\__ExternalActors__\FirstPerson\Maps\FirstPersonMap\1\OD\YPSPM063O6XAJVKSDHY2JX.uasset","4546","2022-08-08T00:27:17","53C0483AF712401A4E4B1F42B18379D68A8C11E1B0F09D441D837610A1F3A2C1"
"04_Prototype_and_Experimental_Work\Unreal_First_Person_Prototype\Content\__ExternalActors__\FirstPerson\Maps\FirstPersonMap\1\QL\31H7DJTVWEX04CCMX5U1SN.uasset","4451","2022-08-08T00:27:17","D6C4E2F68E856762D29C47FEA724B1B7BF2C11915A512F223D46570F04752152"
"04_Prototype_and_Experimental_Work\Unreal_First_Person_Prototype\Content\__ExternalActors__\FirstPerson\Maps\FirstPersonMap\1\RN\55P1SMQLAF7OK6300D5I8N.uasset","3746","2022-08-08T00:27:17","79572C02A32D5A30F092F50F984B7BDD5CD6C6BA5B7CCEDEF74446B025F0D17A"
"04_Prototype_and_Experimental_Work\Unreal_First_Person_Prototype\Content\__ExternalActors__\FirstPerson\Maps\FirstPersonMap\3\0O\4IRR0TBO7VGKMMYSZRQTB1.uasset","4196","2022-08-08T00:27:17","821A78EA59B0262662A749EBC0C032321851A7EC49EA17027E8E3BD145BC10DD"
"04_Prototype_and_Experimental_Work\Unreal_First_Person_Prototype\Content\__ExternalActors__\FirstPerson\Maps\FirstPersonMap\3\AI\0XWE3RNM2XQC0ST1KXG02O.uasset","3982","2022-08-08T00:27:17","04A5917BFFD48D0EB1B0F0F1D100FECEF15F3F7A7B5DA01EF2855BB0334CF871"
"04_Prototype_and_Experimental_Work\Unreal_First_Person_Prototype\Content\__ExternalActors__\FirstPerson\Maps\FirstPersonMap\3\C8\Z38FT77DKZLKDXTQ7PZNM4.uasset","4442","2022-08-08T00:27:17","F18B25C0A428E40C48535C9C54B13D5FA657374C927D62972E1FF54D3723C89A"
"04_Prototype_and_Experimental_Work\Unreal_First_Person_Prototype\Content\__ExternalActors__\FirstPerson\Maps\FirstPersonMap\3\CP\XRLOR3HVYVHJA3N9PKGXZH.uasset","4082","2022-08-08T00:27:17","E44F2A4BFDFAC98C4ACB29BF84D7C6912C619B7A3262CC01C429C3A649C09EFA"
"04_Prototype_and_Experimental_Work\Unreal_First_Person_Prototype\Content\__ExternalActors__\FirstPerson\Maps\FirstPersonMap\3\YY\ZEL6NJUQJU43LAD9X3NXTT.uasset","4451","2022-08-08T00:27:17","0D8A0CE7C23E0D307E694C07C51E3A32A99CC1F88150E8D6D04031A214C91448"
"04_Prototype_and_Experimental_Work\Unreal_First_Person_Prototype\Content\__ExternalActors__\FirstPerson\Maps\FirstPersonMap\4\CR\SRVPLA8UNZ8XIIP0E036DI.uasset","2580","2022-08-08T00:27:17","809F2E233ADFECA216845DA9EDC6DA786121F31DA9DC767830F5A9126FF5F7C1"
"04_Prototype_and_Experimental_Work\Unreal_First_Person_Prototype\Content\__ExternalActors__\FirstPerson\Maps\FirstPersonMap\4\G2\DXY1ROMU8NVTUPH999VNGV.uasset","4197","2022-08-08T00:27:17","A04C85F9F306364C796007D1E35F566B4A8CE4A4685EE27E1B00840DF5B807B8"
"04_Prototype_and_Experimental_Work\Unreal_First_Person_Prototype\Content\__ExternalActors__\FirstPerson\Maps\FirstPersonMap\4\PT\ZXUQMNLL9GZ2UNQ5D0R4A4.uasset","4451","2022-08-08T00:27:17","963325380E68C31E82C3A6986D8973DC9CC69656229B94F4A5F87C3EC01C2EDB"
"04_Prototype_and_Experimental_Work\Unreal_First_Person_Prototype\Content\__ExternalActors__\FirstPerson\Maps\FirstPersonMap\5\80\QQN0UFFAA797E1UT4IMD29.uasset","4085","2022-08-08T00:27:17","C8160BB3010E030CEC83A2368D0AE1DE192DDA656A5565082A6AE8E07D20786A"
"04_Prototype_and_Experimental_Work\Unreal_First_Person_Prototype\Content\__ExternalActors__\FirstPerson\Maps\FirstPersonMap\5\8C\EAHCBN229IT8APJO305AH5.uasset","4630","2022-08-08T00:27:17","034F41E8D7FE701B6D0BD806D4081E48A4181892BE1031721A386180C6CC2190"
"04_Prototype_and_Experimental_Work\Unreal_First_Person_Prototype\Content\__ExternalActors__\FirstPerson\Maps\FirstPersonMap\5\DI\1JZHHCOBVQ2F5XRUWSES1X.uasset","4199","2022-08-08T00:27:17","4A5072715FE7E94D3BBBD3CD6FB5ABB596E8AD233E66AAC9ACB3DB98819E2CD8"
"04_Prototype_and_Experimental_Work\Unreal_First_Person_Prototype\Content\__ExternalActors__\FirstPerson\Maps\FirstPersonMap\6\0Z\5RQIHCZ9W3UXRGL4LTLQAK.uasset","3364","2022-08-08T00:27:17","3635D07B910C7341619A6FBECC7ECCFD10F77346B087A0A62433E4666820A8A0"
"04_Prototype_and_Experimental_Work\Unreal_First_Person_Prototype\Content\__ExternalActors__\FirstPerson\Maps\FirstPersonMap\6\7Z\7EHFAZ5HVWXAWQ04QO5TH0.uasset","4199","2022-08-08T00:27:17","4F083F21CF27B31E70334A6A91A4B1D0E50957237FB3F7FD776226627AD8A9FC"
"04_Prototype_and_Experimental_Work\Unreal_First_Person_Prototype\Content\__ExternalActors__\FirstPerson\Maps\FirstPersonMap\6\AJ\2XZ3RUK0LFB63FVNQE7P5R.uasset","4080","2022-08-08T00:27:17","18EB7E288AB7C55F35D813C96CCF1334F4DDAC52B882169939625DA87B437864"
"04_Prototype_and_Experimental_Work\Unreal_First_Person_Prototype\Content\__ExternalActors__\FirstPerson\Maps\FirstPersonMap\6\HC\FI3CQDKJY4J00D2B21FYQZ.uasset","4251","2022-08-08T00:27:17","BA14E0E83A0F038584AE01278213FADBF897CAD7D0B065206A1060F4C29C2DB9"
"04_Prototype_and_Experimental_Work\Unreal_First_Person_Prototype\Content\__ExternalActors__\FirstPerson\Maps\FirstPersonMap\7\5X\6EW8RE9VA2GGHRWK614FCI.uasset","4257","2022-08-08T00:27:17","F9B6116ABBAC4DE6DD4FECD4F26055AE0A623E7F9DB436E6882212C0EE971ABA"
"04_Prototype_and_Experimental_Work\Unreal_First_Person_Prototype\Content\__ExternalActors__\FirstPerson\Maps\FirstPersonMap\7\DF\1GID8P6B00XRWKYCXU7HT1.uasset","4257","2022-08-08T00:27:17","C209AC1619C7914759B24780D6747EB7A8E8B7555FE3671762111ECB9479773E"
"04_Prototype_and_Experimental_Work\Unreal_First_Person_Prototype\Content\__ExternalActors__\FirstPerson\Maps\FirstPersonMap\7\GI\GZM47KS5FPIQH5TLSYC1ME.uasset","4449","2022-08-08T00:27:17","551053FC8EC94E09D67B47FF3FC0103424545ED7D5E0B2288487CBF189422733"
"04_Prototype_and_Experimental_Work\Unreal_First_Person_Prototype\Content\__ExternalActors__\FirstPerson\Maps\FirstPersonMap\7\L5\1ZJ54FMA0DAL3I2Q8RFAIB.uasset","4078","2022-08-08T00:27:17","441E91A1620D3AB691A2BCC68E174A457D99A05A8459A5644E8A29355FB0D0C6"
"04_Prototype_and_Experimental_Work\Unreal_First_Person_Prototype\Content\__ExternalActors__\FirstPerson\Maps\FirstPersonMap\7\WS\X084A70TPBKFLJDCV2U5PN.uasset","4451","2022-08-08T00:27:17","1038655D1AB742C94A8D7713927EFAA68C08F8EB0D61F1F4AAA2C31788A442FD"
"04_Prototype_and_Experimental_Work\Unreal_First_Person_Prototype\Content\__ExternalActors__\FirstPerson\Maps\FirstPersonMap\8\3M\4ATOKH0ZGPCVBS85MPKAXK.uasset","4546","2022-08-08T00:27:17","271A0C677084949BDA30EA0FB6134CC58230F8021FF3F8BADCE484F234535A4B"
"04_Prototype_and_Experimental_Work\Unreal_First_Person_Prototype\Content\__ExternalActors__\FirstPerson\Maps\FirstPersonMap\8\80\RCXALNT3NG94XMV0V6D4XE.uasset","4197","2022-08-08T00:27:17","4E80C48A8FB971798A580220905F9AA1173EE4B9A95F7436EBB2C6CEE451AAB6"
"04_Prototype_and_Experimental_Work\Unreal_First_Person_Prototype\Content\__ExternalActors__\FirstPerson\Maps\FirstPersonMap\8\CF\ZNIOCRD90Z70MMV9NMW778.uasset","4451","2022-08-08T00:27:17","2956D30F00DDD47BDC64BF152597BF2CF850F630C45014BD71C4755835FD60F7"
"04_Prototype_and_Experimental_Work\Unreal_First_Person_Prototype\Content\__ExternalActors__\FirstPerson\Maps\FirstPersonMap\8\CW\6HT16P8P5RAXNJG3EVYWE9.uasset","4197","2022-08-08T00:27:17","8A0CD34449CE09E0D2F4293520CAA89F1E80DEFA703364EE946169FF41FA675F"
"04_Prototype_and_Experimental_Work\Unreal_First_Person_Prototype\Content\__ExternalActors__\FirstPerson\Maps\FirstPersonMap\8\SZ\D1AHM62WL9TXSNPYQDXQMZ.uasset","4545","2022-08-08T00:27:17","E9893F53499084D852815A231415EB6D17DFB470F8B14985AC3E660598FD3F6B"
"04_Prototype_and_Experimental_Work\Unreal_First_Person_Prototype\Content\__ExternalActors__\FirstPerson\Maps\FirstPersonMap\8\Y4\KY9ZXT77SAVGWBRTNCFCSC.uasset","4451","2022-08-08T00:27:17","C67663CB27C41AD11EF1E03C82E719188712E8E3F4251CBC5A83C6134FB4F582"
"04_Prototype_and_Experimental_Work\Unreal_First_Person_Prototype\Content\__ExternalActors__\FirstPerson\Maps\FirstPersonMap\8\Z7\W1SXRCM1KAKBJOIZDLHZ47.uasset","4064","2022-08-08T00:27:17","CC4AFF3CB4B10355901520553B7D94F71AFE7C91ED58CD59558800486E662333"
"04_Prototype_and_Experimental_Work\Unreal_First_Person_Prototype\Content\__ExternalActors__\FirstPerson\Maps\FirstPersonMap\9\6K\53TOYTOLDEUBMS5SLUFP3V.uasset","4257","2022-08-08T00:27:17","5704FE2FFDC6A237968A13363BBDB406925E20E7D06EE15B275FBC69FEF83AC1"
"04_Prototype_and_Experimental_Work\Unreal_First_Person_Prototype\Content\__ExternalActors__\FirstPerson\Maps\FirstPersonMap\9\JW\IY5R6I5N0YWU9LYWKXFXH9.uasset","4199","2022-08-08T00:27:17","BC44F83FEAB6F285105D831C0E6EE765C471510177FEFB4ED74A8199AFBE9E19"
"04_Prototype_and_Experimental_Work\Unreal_First_Person_Prototype\Content\__ExternalActors__\FirstPerson\Maps\FirstPersonMap\9\OJ\9MHHMH0XHVZ04YDZ7NPC32.uasset","4257","2022-08-08T00:27:17","51342008DEEDB7E4B577F14E1E08F6E32E9B0ED80241FDEAF3AB7AD9DB3E8391"
"04_Prototype_and_Experimental_Work\Unreal_First_Person_Prototype\Content\__ExternalActors__\FirstPerson\Maps\FirstPersonMap\9\Q2\TOKV0KMMZ7RIQ78R0UEDQL.uasset","4257","2022-08-08T00:27:17","03BABB56758BFA3D5F0047A2866D879D612BBE396B5D041F7AE5D77E325D7DD7"
"04_Prototype_and_Experimental_Work\Unreal_First_Person_Prototype\Content\__ExternalActors__\FirstPerson\Maps\FirstPersonMap\9\VP\FVTPO8KZ0WPMCSQLVJE6O9.uasset","4085","2022-08-08T00:27:17","79CAA018698AF81EDEF3FA258493EFFB07DD65A5DDF754BF21C23C963DFBA8E8"
"04_Prototype_and_Experimental_Work\Unreal_First_Person_Prototype\Content\__ExternalActors__\FirstPerson\Maps\FirstPersonMap\A\2W\U0XT0R08XQA6C15NK8ILFA.uasset","4199","2022-08-08T00:27:17","81146DDF7FC4D6A15B221A2B82025E53ABE1727A189DC935F409F03CEB739B6D"
"04_Prototype_and_Experimental_Work\Unreal_First_Person_Prototype\Content\__ExternalActors__\FirstPerson\Maps\FirstPersonMap\A\91\64ROQWZ22CQVFJMU4XABML.uasset","4451","2022-08-08T00:27:17","71CDBB11A7C927BF46C83B65F9D1AC1300EAFA9A15E14BB3ED1DC8869BEB5F93"
"04_Prototype_and_Experimental_Work\Unreal_First_Person_Prototype\Content\__ExternalActors__\FirstPerson\Maps\FirstPersonMap\A\RJ\Z7CLKO8GGJ7RXH5PUAF4T4.uasset","4257","2022-08-08T00:27:17","7252B8D7B9CCFC325126478B8D48DACCEE17D78DB4A7C6D07CBD8379C66F8031"
"04_Prototype_and_Experimental_Work\Unreal_First_Person_Prototype\Content\__ExternalActors__\FirstPerson\Maps\FirstPersonMap\A\XJ\HL558UUAGCS9HVVOI0S7PX.uasset","4195","2022-08-08T00:27:17","C40ACC439CF43876AD8B1090A2D91E1437145EBBFD5D729788E3A923C4D732FC"
"04_Prototype_and_Experimental_Work\Unreal_First_Person_Prototype\Content\__ExternalActors__\FirstPerson\Maps\FirstPersonMap\B\51\6JKB4DNGJP09QUHY23FHRV.uasset","4259","2022-08-08T00:27:17","7E641BD8D8D081944BB80F2066550E2CE95763975C3B9B5202208C567F357D9F"
"04_Prototype_and_Experimental_Work\Unreal_First_Person_Prototype\Content\__ExternalActors__\FirstPerson\Maps\FirstPersonMap\B\DD\654T6CAPVSXAN1LXEX71EI.uasset","4259","2022-08-08T00:27:17","FD362EFE35FABEEBC968AA32753305915ED0036FFE8181FA97B119AED17393FE"
"04_Prototype_and_Experimental_Work\Unreal_First_Person_Prototype\Content\__ExternalActors__\FirstPerson\Maps\FirstPersonMap\B\EF\G3O7YJR3QU51OHQGRYB635.uasset","4259","2022-08-08T00:27:17","70701C52CF42E19E051C5E57BA4AD7D0B0B8027FA0731EF36B7D7E11A1583F07"
"04_Prototype_and_Experimental_Work\Unreal_First_Person_Prototype\Content\__ExternalActors__\FirstPerson\Maps\FirstPersonMap\B\YQ\KT6JL4FVCNJJ9VFOCSF32J.uasset","4451","2022-08-08T00:27:17","12FFEDD4BDD7FAEEC70B30962C04905258C18580B0EBE016C3352BCFA9B9148A"
"04_Prototype_and_Experimental_Work\Unreal_First_Person_Prototype\Content\__ExternalActors__\FirstPerson\Maps\FirstPersonMap\C\P8\0GJ9TLQE2YKOIFZ6YHG33H.uasset","4546","2022-08-08T00:27:17","93CB67128C48A78D8F9DFE9F08F32464057AE906343CAFC94DAF39C37D98FE04"
"04_Prototype_and_Experimental_Work\Unreal_First_Person_Prototype\Content\__ExternalActors__\FirstPerson\Maps\FirstPersonMap\C\VO\VMN4G7K3NKKV6F8HTPHHDB.uasset","3601","2022-08-08T00:27:17","1E3DBAE8162F1F8FB983D4CE0174FEDB3DE0129857E3929BFCC060AECE008326"
"04_Prototype_and_Experimental_Work\Unreal_First_Person_Prototype\Content\__ExternalActors__\FirstPerson\Maps\FirstPersonMap\C\ZU\PDQ0AB8RLNMVID876FD49G.uasset","4920","2022-08-08T00:27:17","4B797609034FB8165C8C2FF5E50AB5C9DC75439B49B82FEA20C32B66D9233D09"
"04_Prototype_and_Experimental_Work\Unreal_First_Person_Prototype\Content\__ExternalActors__\FirstPerson\Maps\FirstPersonMap\D\0W\E1FKEGVKGOLM7HGLQPCIPO.uasset","2540","2022-08-08T00:27:17","E3016F0EEFDCB22C14A11DFBC16F7B147AD0344D3A64EB6D9CC2B493E7C7C9DF"
"04_Prototype_and_Experimental_Work\Unreal_First_Person_Prototype\Content\__ExternalActors__\FirstPerson\Maps\FirstPersonMap\E\MX\R1GV431P5FDO08OFULRA01.uasset","12293","2022-08-08T00:27:17","2C97922529817D3E142771E0B1F245B29B5ABD5530D7466BDF87FD09CFDA1485"
"04_Prototype_and_Experimental_Work\Unreal_First_Person_Prototype\Content\__ExternalActors__\FirstPerson\Maps\FirstPersonMap\E\UE\YUZ9741T50O1SYRX90OB0S.uasset","4194","2022-08-08T00:27:17","53DE311D46014DE29FD0ABD3671E9B17FE498DD024681DABD31CD3B1D0AA5FCD"
"04_Prototype_and_Experimental_Work\Unreal_First_Person_Prototype\Content\__ExternalActors__\FirstPerson\Maps\FirstPersonMap\E\V3\ICWLYCF62EJ63XTK5ZSZWV.uasset","849","2022-08-08T00:27:17","AF19E53EF86B1BD5DD3D646C9AFE7FFE91E4F01D6F862230824247E28BA553E7"
"04_Prototype_and_Experimental_Work\Unreal_First_Person_Prototype\Content\__ExternalActors__\FirstPerson\Maps\FirstPersonMap\F\2F\0SPQG8P507LI9VUAFG20OA.uasset","4449","2022-08-08T00:27:17","0946A0984D6BE46E53B9EF517C695159E83D05BDD7AF9143F3931D38E71F0AB7"
"04_Prototype_and_Experimental_Work\Unreal_First_Person_Prototype\Content\__ExternalObjects__\FirstPerson\Maps\FirstPersonMap\3\9Y\O1HBCAIOGYKE5W89K0N3EC.uasset","1981","2022-08-08T00:27:17","C910D678DAF787FCD328BA25A9AF874E752C2D330D53DF506A304A2EBD6AB140"
"04_Prototype_and_Experimental_Work\Unreal_First_Person_Prototype\Content\__ExternalObjects__\FirstPerson\Maps\FirstPersonMap\6\2R\TKXMGQLWGTB6FEH6EYY7NK.uasset","1989","2022-08-08T00:27:17","C5C0DC36D09E6C6A8D934B213AE8C5C4FB4E09B27A557C34DF0DC403AEF029C7"
"04_Prototype_and_Experimental_Work\Unreal_First_Person_Prototype\Content\__ExternalObjects__\FirstPerson\Maps\FirstPersonMap\7\ZX\JUGNISA5MV8V8FE530PDPQ.uasset","1975","2022-08-08T00:27:17","2DD7339E43188EDE6811C973AD8A6A043F6618976B73CCD424F4ABFBD0C172E6"
"04_Prototype_and_Experimental_Work\Unreal_First_Person_Prototype\Content\__ExternalObjects__\FirstPerson\Maps\FirstPersonMap\8\9P\KRNGZ1PU2Y3ACDDE2D2XC5.uasset","1975","2022-08-08T00:27:17","F3AD635B9A3792877CF36495692A9F3AFBC171078C43444566CF45AECBE4D636"
"04_Prototype_and_Experimental_Work\Unreal_First_Person_Prototype\Content\__ExternalObjects__\FirstPerson\Maps\FirstPersonMap\A\JH\8TTAOMHN06NOHWGDJXKH1N.uasset","1975","2022-08-08T00:27:17","68846A6EDB537121214033E4759CE16F2C376910E75D590266D09DA992DDB826"
"04_Prototype_and_Experimental_Work\Unreal_First_Person_Prototype\Content\__ExternalObjects__\FirstPerson\Maps\FirstPersonMap\D\PH\WQFJJGR81PTWACYGUC1CP5.uasset","1975","2022-08-08T00:27:17","4A177AF5CA55506566475BBA72B51664C56C77CB57081094C21E128A431AFA02"
"04_Prototype_and_Experimental_Work\Unreal_First_Person_Prototype\Content\__ExternalObjects__\FirstPerson\Maps\FirstPersonMap\E\2M\ESWAVQBPX1XK2OH2YGVZCM.uasset","1977","2022-08-08T00:27:17","A5A9899CD9A0985F2D87053777B01D97A3810C38084E367BC7D282DA1A7CD318"
"04_Prototype_and_Experimental_Work\Unreal_First_Person_Prototype\Content\__ExternalObjects__\FirstPerson\Maps\FirstPersonMap\E\ZB\64YLC9YROSMO90SC5KR0PE.uasset","1977","2022-08-08T00:27:17","C8C86AABE50E18AE8DDF55C13F7E96BC515BE7BA1923488D2BC4B5A5DBC95045"
"04_Prototype_and_Experimental_Work\Unreal_First_Person_Prototype\Content\FirstPerson\Blueprints\BP_FirstPersonCharacter.uasset","117002","2022-08-08T00:40:22","56097AE3A3654B367F936B4E20CC4DBFF55FC3149D593C6B32C76235160ED1F0"
"04_Prototype_and_Experimental_Work\Unreal_First_Person_Prototype\Content\FirstPerson\Blueprints\BP_FirstPersonGameMode.uasset","14167","2022-08-08T00:27:17","829F6EF4235C50CA6DBDF4450C4269311D954859831F5F9A94497F00CDD0F62A"
"04_Prototype_and_Experimental_Work\Unreal_First_Person_Prototype\Content\FirstPerson\Blueprints\BP_FirstPersonProjectile.uasset","57291","2022-08-08T00:27:17","4D210F7590ADF20AEA0C4F50498073274DD7A072FC03171BEFE28E7A99BEA78E"
"04_Prototype_and_Experimental_Work\Unreal_First_Person_Prototype\Content\FirstPerson\Blueprints\BP_Rifle.uasset","132827","2022-08-08T00:27:17","C934276F1A7F95F18913E20F396D03BC696DCA8211188DD636CEEB40E8928F00"
"04_Prototype_and_Experimental_Work\Unreal_First_Person_Prototype\Content\FirstPerson\Maps\FirstPersonMap.umap","19441","2022-08-08T00:27:17","97A056285032A0A907169A4FA0118928808E4CB98E0AB1D54D94E892EB97816E"
"04_Prototype_and_Experimental_Work\Unreal_First_Person_Prototype\Content\FirstPerson\Maps\FirstPersonMap_BuiltData.uasset","9571438","2022-08-08T00:27:17","D03749E41A15A17AE3DA3FA02E7E846441F6ED0A40342194C8B9478A302B85F7"
"04_Prototype_and_Experimental_Work\Unreal_First_Person_Prototype\Content\FirstPersonArms\Animations\FirstPerson_AnimBP.uasset","246635","2022-08-08T00:27:17","374E80C0663556E83651B61799D0C348CE5E15FA4252A123E458F6EF201875D6"
"04_Prototype_and_Experimental_Work\Unreal_First_Person_Prototype\Content\FirstPersonArms\Animations\FirstPerson_Fire.uasset","140626","2022-08-08T00:27:17","1BC60032B597BF7364AFDB53BF4D65BBAD7C8F73B6EBAA79B801CF578D53AB22"
"04_Prototype_and_Experimental_Work\Unreal_First_Person_Prototype\Content\FirstPersonArms\Animations\FirstPerson_Idle.uasset","366399","2022-08-08T00:27:17","E40837CCAE8651C9EC42216055ACF4E14C19FB3FF04263898D522987DF0CC043"
"04_Prototype_and_Experimental_Work\Unreal_First_Person_Prototype\Content\FirstPersonArms\Animations\FirstPerson_JumpEnd.uasset","157375","2022-08-08T00:27:17","3BF091361D811B09773FE9C991AA299A9C2E226FD93F86FF8C1C3E313E795F0D"
"04_Prototype_and_Experimental_Work\Unreal_First_Person_Prototype\Content\FirstPersonArms\Animations\FirstPerson_JumpLoop.uasset","213699","2022-08-08T00:27:17","078ECF61A5220856B194C9C024E3F7894BD62AADDBBDCD92ACC96D41E18424BB"
"04_Prototype_and_Experimental_Work\Unreal_First_Person_Prototype\Content\FirstPersonArms\Animations\FirstPerson_JumpStart.uasset","178479","2022-08-08T00:27:17","BB2817B37F569AE95974B7C0DC6298B28A18A8965190C4714A7E4F19BFEB6BC4"
"04_Prototype_and_Experimental_Work\Unreal_First_Person_Prototype\Content\FirstPersonArms\Animations\FirstPerson_Run.uasset","186546","2022-08-08T00:27:17","840E3B3C58963E39428E5C8F54874A5B55AB5E25ED395F584FBE3ED4AC1B6A8D"
"04_Prototype_and_Experimental_Work\Unreal_First_Person_Prototype\Content\FirstPersonArms\Animations\FirstPersonFire_Montage.uasset","88695","2022-08-08T00:27:17","1BEBD629FE2F503C5247EBA2F8424481F04B3EC9B154A1AFD239197E09834C91"
"04_Prototype_and_Experimental_Work\Unreal_First_Person_Prototype\Content\FirstPersonArms\Character\Materials\M_UE4Man_Body.uasset","143241","2022-08-08T00:27:17","9F7EBC5E2E818D93DBDB0FC32049DE0A3A0A3D9FF488756C1B0493EBB3185CEF"
"04_Prototype_and_Experimental_Work\Unreal_First_Person_Prototype\Content\FirstPersonArms\Character\Materials\MaterialLayers\ML_GlossyBlack_Latex_UE4.uasset","101996","2022-08-08T00:27:17","5A60A61C274130D7A3F9813276FCB4B328FC336FF4FD8F1B4DBA5BE708ADAE26"
"04_Prototype_and_Experimental_Work\Unreal_First_Person_Prototype\Content\FirstPersonArms\Character\Materials\MaterialLayers\ML_Plastic_Shiny_Beige.uasset","98531","2022-08-08T00:27:17","A51C9AE2366BA93698866CF8B05E5F60C62A5D2531F49BB4887E5D4C669E25BC"
"04_Prototype_and_Experimental_Work\Unreal_First_Person_Prototype\Content\FirstPersonArms\Character\Materials\MaterialLayers\ML_Plastic_Shiny_Beige_LOGO.uasset","99562","2022-08-08T00:27:17","B859A7EF4774253A5EF76927E689C4C2B8B0BAC67631F939DE422C6996563E7C"
"04_Prototype_and_Experimental_Work\Unreal_First_Person_Prototype\Content\FirstPersonArms\Character\Materials\MaterialLayers\ML_SoftMetal_UE4.uasset","102772","2022-08-08T00:27:17","432755DC3BB05F0D845DDA7D5FF59A14481B44D087F870D5B260449E08E2A3DB"
"04_Prototype_and_Experimental_Work\Unreal_First_Person_Prototype\Content\FirstPersonArms\Character\Materials\MaterialLayers\T_ML_Aluminum01.uasset","8628817","2022-08-08T00:27:17","E4D2CECB5A8DC0B24246978B6718F5D20074B753422357FF922E9D8942718BD2"
"04_Prototype_and_Experimental_Work\Unreal_First_Person_Prototype\Content\FirstPersonArms\Character\Materials\MaterialLayers\T_ML_Aluminum01_N.uasset","4447672","2022-08-08T00:27:17","CDA531B5200C38D55B04588731C4A76CD692B1309504F7563B9E8377A6EA0384"
"04_Prototype_and_Experimental_Work\Unreal_First_Person_Prototype\Content\FirstPersonArms\Character\Materials\MaterialLayers\T_ML_Rubber_Blue_01_D.uasset","5403596","2022-08-08T00:27:17","DD5DAECBBD45392BAB306C86F2EEE99514F73B4DE48A98F5AB1420948FBF8DA6"
"04_Prototype_and_Experimental_Work\Unreal_First_Person_Prototype\Content\FirstPersonArms\Character\Materials\MaterialLayers\T_ML_Rubber_Blue_01_N.uasset","4901837","2022-08-08T00:27:17","3BD2C86AB52C151057F9D5A78FCB65EA078A4B430FE9704A48114B2151E76961"
"04_Prototype_and_Experimental_Work\Unreal_First_Person_Prototype\Content\FirstPersonArms\Character\Mesh\SK_Mannequin_Arms.uasset","2780197","2022-08-08T00:27:17","E95EDE55778BC6B6A3390E877F252980175A582DE150C98FBDF8657530B832EE"
"04_Prototype_and_Experimental_Work\Unreal_First_Person_Prototype\Content\FirstPersonArms\Character\Mesh\SK_Mannequin_Arms_PhysicsAsset.uasset","16583","2022-08-08T00:27:17","CD8FA9F8C03CEA4FD3A30A72D35FA779E3FDBB8CC769ADD432D99B07D47E6870"
"04_Prototype_and_Experimental_Work\Unreal_First_Person_Prototype\Content\FirstPersonArms\Character\Mesh\SK_Mannequin_Arms_Skeleton.uasset","19118","2022-08-08T00:27:17","BBA7FF2CD9205073C53BBF6989C00058BF9CD1EFE18FE82E0D996A80E5AF38C6"
"04_Prototype_and_Experimental_Work\Unreal_First_Person_Prototype\Content\FirstPersonArms\Character\Textures\UE4_LOGO_CARD.uasset","89232","2022-08-08T00:27:17","C322E76377F35B56BB8CCFE1F83F0889D354D178F3D0D06B2C49B7FBA79B27B9"
"04_Prototype_and_Experimental_Work\Unreal_First_Person_Prototype\Content\FirstPersonArms\Character\Textures\UE4_Mannequin__normals.uasset","5423056","2022-08-08T00:27:17","1FBAF5A8DC2E1759324E5ED5AEC66BB27516F2F2EA9E7CD64D7FBD8270669A68"
"04_Prototype_and_Experimental_Work\Unreal_First_Person_Prototype\Content\FirstPersonArms\Character\Textures\UE4_Mannequin_MAT_MASKA.uasset","206828","2022-08-08T00:27:17","41811A56246448144E13D94C24762FBB078321F48EEC5725A94CE36D0E14ACB8"
"04_Prototype_and_Experimental_Work\Unreal_First_Person_Prototype\Content\FPWeapon\Audio\FirstPersonTemplateWeaponFire02.uasset","306457","2022-08-08T00:27:17","A79553601BDADCB7F7430150268F8250E0A846FEB8E1A9214C7A281DCBD2EC95"
"04_Prototype_and_Experimental_Work\Unreal_First_Person_Prototype\Content\FPWeapon\Materials\BaseMaterial.uasset","113203","2022-08-08T00:27:17","E915F808DF8BC86369F178331F86F43A1FFDB2820C831996506F4BEE98281122"
"04_Prototype_and_Experimental_Work\Unreal_First_Person_Prototype\Content\FPWeapon\Materials\FirstPersonProjectileMaterial.uasset","98384","2022-08-08T00:27:17","1CF7B9BF1990888FC38FBEF38E2C1C4685AC2FF49082131F6DE23260AF0A7273"
"04_Prototype_and_Experimental_Work\Unreal_First_Person_Prototype\Content\FPWeapon\Materials\M_FPGun.uasset","135198","2022-08-08T00:27:17","FE7D865C29D4A9B393413E2B06AC07D18DB5C73180321829CB8F147A03044540"
"04_Prototype_and_Experimental_Work\Unreal_First_Person_Prototype\Content\FPWeapon\Materials\MaterialLayers\ML_GlossyBlack_Latex_UE4.uasset","116110","2022-08-08T00:27:17","A9E17524241935882B3C7D3B40F8497B555ECA64CBBC419D2DFCD3AB3EB4BAA2"
"04_Prototype_and_Experimental_Work\Unreal_First_Person_Prototype\Content\FPWeapon\Materials\MaterialLayers\ML_Plastic_Shiny_Beige.uasset","99007","2022-08-08T00:27:17","56815475B3E4755609990348B2678C22EBFC5E85AE884E3E609C82B0F92D4D4F"
"04_Prototype_and_Experimental_Work\Unreal_First_Person_Prototype\Content\FPWeapon\Materials\MaterialLayers\ML_Screen.uasset","96590","2022-08-08T00:27:17","84F8AB6E7C2117EE8F7A6F9C20F3BB1D9D44ED4B2F8C95B84D50D7069EA57637"
"04_Prototype_and_Experimental_Work\Unreal_First_Person_Prototype\Content\FPWeapon\Materials\MaterialLayers\ML_SoftMetal_UE4.uasset","116886","2022-08-08T00:27:17","E598FFF8F159D48B1F8FEBC143616BBEEF44FD51331487D652A1C776114025EE"
"04_Prototype_and_Experimental_Work\Unreal_First_Person_Prototype\Content\FPWeapon\Materials\MaterialLayers\T_ML_Aluminum01.uasset","8753839","2022-08-08T00:27:17","FDA38B7222415BDE3A7B44E711C78FEAF8F1A75BCA0645C3AE4101C983A13216"
"04_Prototype_and_Experimental_Work\Unreal_First_Person_Prototype\Content\FPWeapon\Materials\MaterialLayers\T_ML_Aluminum01_N.uasset","4448460","2022-08-08T00:27:17","FB297B2D2966AF5CD4C4C019E3C65A81B55F31AC33657DCBC772851E35EA62C6"
"04_Prototype_and_Experimental_Work\Unreal_First_Person_Prototype\Content\FPWeapon\Materials\MaterialLayers\T_ML_FineRubber.uasset","6357504","2022-08-08T00:27:17","0BEAFA8DC8FC41F7C027397C4706AB6D03176032A3539202B0F9EE094BD468BE"
"04_Prototype_and_Experimental_Work\Unreal_First_Person_Prototype\Content\FPWeapon\Materials\MaterialLayers\T_ML_Rubber_Blue_01_D.uasset","5504250","2022-08-08T00:27:17","5729FDD2F679BDE8DB97927A11052D7DF6BD6282508CE082076F2D09B04D1C40"
"04_Prototype_and_Experimental_Work\Unreal_First_Person_Prototype\Content\FPWeapon\Materials\MaterialLayers\T_ML_Rubber_Blue_01_N.uasset","4902831","2022-08-08T00:27:17","EDBFB81B6F0A67E846E3EA0C707F1E727041828192EFA42590EE6AEBEEBB3DB9"
"04_Prototype_and_Experimental_Work\Unreal_First_Person_Prototype\Content\FPWeapon\Mesh\FirstPersonProjectileMesh.uasset","32063","2022-08-08T00:27:17","DF7570D958E52A68E48B3BCD93739CA93D4EC9897C997EF98E43EEE7B063725D"
"04_Prototype_and_Experimental_Work\Unreal_First_Person_Prototype\Content\FPWeapon\Mesh\SK_FPGun.uasset","2162660","2022-08-08T00:27:17","67C8259A243D5C66D35B91458DA2DD7E9E860224052098BA554EBA470CEE4A2A"
"04_Prototype_and_Experimental_Work\Unreal_First_Person_Prototype\Content\FPWeapon\Mesh\SK_FPGun_Physics.uasset","9248","2022-08-08T00:27:17","CA07F36FCB88F5A7ED10BA1AB173D7640447340E153369A1F62F8FC4A6E1CC40"
"04_Prototype_and_Experimental_Work\Unreal_First_Person_Prototype\Content\FPWeapon\Mesh\SK_FPGun_PhysicsAsset.uasset","9268","2022-08-08T00:27:17","1EFC2CBAFDEFC34BD01BA68891B4E257B3FAB2F87EB7E3D0F47CB2A4E7EF80EB"
"04_Prototype_and_Experimental_Work\Unreal_First_Person_Prototype\Content\FPWeapon\Mesh\SK_FPGun_Skeleton.uasset","8000","2022-08-08T00:27:17","EEC8C05A75E7932E3834CBC1CD1B112F29171212B871FA1552F458CEB1B65948"
"04_Prototype_and_Experimental_Work\Unreal_First_Person_Prototype\Content\FPWeapon\Textures\T_FPGun_M.uasset","266945","2022-08-08T00:27:17","88FF19857498031C943AFCB0E715A6B5C0EF521CEC80A9FC8B7666EAD7254ECD"
"04_Prototype_and_Experimental_Work\Unreal_First_Person_Prototype\Content\FPWeapon\Textures\T_FPGun_N.uasset","2109563","2022-08-08T00:27:17","D69F0FC65A0795826EB997A5A1F7705FE286DBB0F4A3E1882A92F8536A4FE3B4"
"04_Prototype_and_Experimental_Work\Unreal_First_Person_Prototype\Content\LevelPrototyping\Materials\M_PrototypeGrid.uasset","40328","2022-08-08T00:27:17","F1A5B000CFBE3030FF6F0BB67A2E4CC4BB803769D74EBD88D54F98918616D2D1"
"04_Prototype_and_Experimental_Work\Unreal_First_Person_Prototype\Content\LevelPrototyping\Materials\M_Solid.uasset","9609","2022-08-08T00:27:17","D754D45A7F34228C043D5389AF994F3F6C9D6E4BD579BBA6C65F11813DB11662"
"04_Prototype_and_Experimental_Work\Unreal_First_Person_Prototype\Content\LevelPrototyping\Materials\MF_ProcGrid.uasset","48741","2022-08-08T00:27:17","FA5D22837AF536B9690ED2F790E288A59CA659C63E669FCA99685AFC2364CE82"
"04_Prototype_and_Experimental_Work\Unreal_First_Person_Prototype\Content\LevelPrototyping\Materials\MI_PrototypeGrid_Gray.uasset","12785","2022-08-08T00:27:17","65022A590B73953153898DFD370AA8C2609A84670CDB06DD205D813712D1C1A4"
"04_Prototype_and_Experimental_Work\Unreal_First_Person_Prototype\Content\LevelPrototyping\Materials\MI_PrototypeGrid_Gray_02.uasset","11922","2022-08-08T00:27:17","FA0F2A06A7D937127D7D737C13BACB3F8FE88C8E0479F5E6B7CDA81FD225D077"
"04_Prototype_and_Experimental_Work\Unreal_First_Person_Prototype\Content\LevelPrototyping\Materials\MI_PrototypeGrid_TopDark.uasset","11957","2022-08-08T00:27:17","838034E5AFC7AB3A70BFFF6DE2E1237AA02337FB423E95C1B536B3E30C61C982"
"04_Prototype_and_Experimental_Work\Unreal_First_Person_Prototype\Content\LevelPrototyping\Materials\MI_Solid_Blue.uasset","8669","2022-08-08T00:27:17","417952E4C6986A99F1BC3FB25EBCEB1308806028BD2B602501B66B874AA87CC6"
"04_Prototype_and_Experimental_Work\Unreal_First_Person_Prototype\Content\LevelPrototyping\Meshes\SM_ChamferCube.uasset","22332","2022-08-08T00:27:17","6301FC4690AE3DBDC0B77203C6E5F662561351252C7DF36C334FB72F6FFE2205"
"04_Prototype_and_Experimental_Work\Unreal_First_Person_Prototype\Content\LevelPrototyping\Meshes\SM_Cube.uasset","17034","2022-08-08T00:27:17","79CF9BB71346C1F0386362238AEF3E01400BE06211E6813DC1CE9BBAE969FB07"
"04_Prototype_and_Experimental_Work\Unreal_First_Person_Prototype\Content\LevelPrototyping\Meshes\SM_Cylinder.uasset","20348","2022-08-08T00:27:17","A59270C4E29B708C93C0872970BD7F8CC2A9DB0E898BA6792605364B25FEE585"
"04_Prototype_and_Experimental_Work\Unreal_First_Person_Prototype\Content\LevelPrototyping\Meshes\SM_QuarterCylinder.uasset","17827","2022-08-08T00:27:17","8DA43997AE75F32C7FBA7047CA3F34CA88D68613845D556072B74C93DE74E6A5"
"04_Prototype_and_Experimental_Work\Unreal_First_Person_Prototype\Content\LevelPrototyping\Meshes\SM_Ramp.uasset","17169","2022-08-08T00:27:17","81A46D90C20408E4246E37C4C00BF764B5A05D3752EADD1C3B10E8946A79FFBE"
"04_Prototype_and_Experimental_Work\Unreal_First_Person_Prototype\Content\LevelPrototyping\Textures\T_GridChecker_A.uasset","9600","2022-08-08T00:27:17","BB8334767064B107EC4F4407EF1365E8B9E2DFEFF5984E66D4A6232254DDD02A"
"04_Prototype_and_Experimental_Work\Unreal_First_Person_Prototype\MyProject2.uproject","227","2022-08-08T00:27:17","466C060F1B35155F280ABEF96ECE8276F79BA02C381AE821264DE627DD4B49ED"
"04_Prototype_and_Experimental_Work\Word_COM_Automation_Prototype\Project6.sln","1445","2023-05-23T16:29:48","412A8F4CFD53206391EF8641C236B5991F6C28E1C1E50573B522CF2E6B1E05BF"
"04_Prototype_and_Experimental_Work\Word_COM_Automation_Prototype\Project6\Project6.vcxproj","6623","2023-05-23T16:30:01","85D5BB505B7E39A52BA42AE95380B79A57EDCA5F115F3755C3EAFD75A6FD320A"
"04_Prototype_and_Experimental_Work\Word_COM_Automation_Prototype\Project6\Project6.vcxproj.filters","979","2023-05-23T16:30:01","52344C55570691927E91DB4A087ECE1BF95344F95A2CAEFD4382C50DDACFA759"
"04_Prototype_and_Experimental_Work\Word_COM_Automation_Prototype\Project6\Project6.vcxproj.user","168","2023-05-23T16:29:47","C06A75B13F855A94D46616796E024C52B499F8F92CF00CCB571DDBC6FF574676"
"04_Prototype_and_Experimental_Work\Word_COM_Automation_Prototype\Project6\Source.cpp","2781","2023-05-23T16:30:50","CB3F66EE6DCBA11C159537B6C8327301E08B8B87DD9DB0E120A1366E60AF25A1"
"05_Audit_and_Provenance\EXCLUSIONS_AND_SECURITY.md","2111","2026-07-16T20:56:39","9E88AFCF0AB101097E34997AFA1E767C4EF4972004FCFB0BACAD5B496BE029DE"
"05_Audit_and_Provenance\SOURCE_LOCATIONS.md","1572","2026-07-16T20:56:37","9CC9DCC49FC53FF34AB27D275418CB2692B94E72046A2E0A29FCA40FA3DCDE32"
"05_Audit_and_Provenance\VERIFICATION_REPORT.md","2028","2026-07-16T20:56:38","09DDA09C557D59F9F461F435184574B4FA51D1C4112A0FB6FB59E5BC8616B218"
"PROJECT_CATALOG.md","10831","2026-07-16T20:56:36","2656A038EF5922FB4AA9B315327B21FD2A7DD866960D9E2C2EE9D64C3F11DD6F"
"PROJECT_FUNCTIONS_AND_DESCRIPTIONS.md","22010","2026-07-16T21:00:12","2709788042B45E0673C246EDEAB43F3C21B0590E130D620E9F501E83F6136A97"
